Oxide Data,Unnamed: 1,Unnamed: 2,Unnamed: 3,Unnamed: 4,Unnamed: 5,Unnamed: 6,Unnamed: 7,Unnamed: 8,Unnamed: 9,Unnamed: 10,Unnamed: 11,Unnamed: 12,Unnamed: 13,Unnamed: 14,Unnamed: 15,Unnamed: 16,Unnamed: 17,Unnamed: 18,Unnamed: 19,Unnamed: 20,Unnamed: 21,Unnamed: 22,Unnamed: 23,Unnamed: 24,Unnamed: 25,Unnamed: 26,Unnamed: 27
,Part-1,,,,Part-2,,,,Part-3,,,,Part-4,,,,Part-5,,,,Part-6,,,,Part-7,,
1.0,Bi,"T, K","DGo , Kcal/mol",,Mn,"T, K","DGo , Kcal/mol",,Rh,"T, K","DGo , Kcal/mol",,V,"T, K","DGo , Kcal/mol",,Ir,"T, K","DGo , Kcal/mol",,Cr,"T, K","DGo , Kcal/mol",,In,"T, K","DGo , Kcal/mol"
,4Bi3O4+O2 = 6Bi2O3,0,0.7999999999999545,, 2Mn2O3 + O2 = 4MnO2,0,-36.5,,4/3Rh + O2 = 2/3Rh2O3,0,-42,,V2O3 + O2 = V2O5,1610,-33.29628862695127,,2/3Ir + O2 = 2/3IrO3,0,-43,,2Cr2O3 + O2 = 4CrO2 ,0,-26.5,,4/3In + O2 = 2/3In2O3,0,-148
,M,1098,-8.282285714285706,,,1120,43.28378378378375,,,1050,-0.001,,M,1818,-32.275550636596336,,,1090,-0.0001,,M,1660,40.95863970588232,,m,429,-127
,,1400,-14.247214854111405,,,,,,,,,,,,,,,,,,,,,,M,2183,-41.3
,,,,,,,,,,,,,,,,,,,,,,,,,b,2364,-33
,,,,,,,,,,,,,,,,,,,,,,,,,,,
,,,,,,,,,,,,,,,,,,,,,,,,,,,
,,,,,,,,,,,,,,,,,,,,,,,,,,,
2.0,Ag,"T, K","DGo , Kcal/mol",,Cu,"T, K","DGo , Kcal/mol",,Tb,"T, K","DGo , Kcal/mol",,C,"T, K","DGo , Kcal/mol",,Os,"T, K","DGo , Kcal/mol",,Cr,"T, K","DGo , Kcal/mol",,K,"T, K","DGo , Kcal/mol"
,4Ag + O2 = 2Ag2O,0,-14,,Cu2O + O2 = 2CuO,0,-69,,4.762Tb2O3 + O2 = 9.524TbO1.709,0,-47.30253333333303,,2C + O2 = 2CO,0,-53.4,,Os + O2 = OsO2,0,-62,,4/3Cr +O2 = 2/3Cr2O3,0,-178.5,,4K + O2 = 2K2O,0,-172
,,480,-0.001,,m,1509,3.841269841269842,,,1638,39.46151367521338,,,3400,-195.9,,,923,-23,,m,2176,-90,,m,336,-151
,,,,,M,1609,7.133198789101918,,,,,,,,,,,,,,b,2495,-77.5,,M,980,-107
,,,,,,,,,,,,,,,,,,,,,M,2603,-75.5,,b,1031,-104
,,,,,,,,,,,,,,,,,,,,,,,,,B,1325,-71
,,,,,,,,,,,,,,,,,,,,,,,,,,2160,-0.001
,,,,,,,,,,,,,,,,,,,,,,,,,,,
3.0,Pt,"T, K","DGo , Kcal/mol",,Cu,"T, K","DGo , Kcal/mol",,As,"T, K","DGo , Kcal/mol",,V,"T, K","DGo , Kcal/mol",,Te,"T, K","DGo , Kcal/mol",,Na,"T, K","DGo , Kcal/mol",,B,"T, K","DGo , Kcal/mol"
,3/2Pt + O2 = 1/2Pt3O4,0,-32,,4Cu + O2 = 2Cu2O,0,-80,,As +O2 = 1/2As2O4,0,-104,,4VO2 + O2 = 2V2O5,0,-75.5,,Te + O2 = TeO2,0,-77,,4Na + O2 = 2Na2O,0,-197,,4/3B +O2 = 2/3B2O3,0,-200.5
,,734,-0.001,,m,1357,-33,,M,585,-79,,M,943,-19.08690869086911,,m,723,-46,,m,371,-176,,M,723,-171.5
,,,,,M,1509,-28,,B,730,-77,,m,1609.9082934765765,-33.296738667011,,M,1006,-33,,b,1156,-122,,m,2313,-112
,,,,,,2500,-9.5,,b,886,-71,,,,,,b,1267,-2,,M,1193,-119,,,,
,,,,,,,,,,2500,-16,,,,,,,1700,-0.001,,B,1600,-62,,,,
,,,,,,,,,,,,,,,,,,,,,,2250,-0.001,,,,
,,,,,,,,,,,,,,,,,,,,,,,,,,,
4.0,Tl,"T, K","DGo , Kcal/mol",,Mn,"T, K","DGo , Kcal/mol",,Sb,"T, K","DGo , Kcal/mol",,V,"T, K","DGo , Kcal/mol",,Pb,"T, K","DGo , Kcal/mol",,Hf,"T, K","DGo , Kcal/mol",,Si,"T, K","DGo , Kcal/mol"
,Tl2O + O2 = Tl2O3,0,-49.5,,4MnO + O2 = 2Mn2O3,0,-95.5,,4/3Sb +O2 = 2/3Sb2O3,0,-111,,2V2O3 + O2 = 4VO2,0,-83.40000000000009,,2Pb + O2 = 2PbO,0,-104,,Hf + O2 = HfO2,0,-265,,Si + O2 = SiO2,0,-216.5
,m,573,-13.31195840554593,,,1517,-19,,m,904,-74,,M,1609.9082934765765,-33.29673866701099,,m,762,-69,,m,2495,-152,,m,1685,-145.8
,,577,-13.5,,,,,,M,928,-73,,,,,,M,1159,-52,,M,3013,-115,,M,1696,-145.4
,b,773,-5.398305084745765,,,,,,B,1698,-45,,,,,,B,1745,-29,,,,,,,2500,-107.8
,M,990,6.570921985815602,,,,,,b,1908,-32,,,,,,b,2016,-35,,,,,,,,
,,1200,18.68644326241135,,,,,,,2380,-0.0001,,,,,,,2500,-24,,,,,,,,
,,1760,15,,,,,,,,,,,,,,,,,,,,,,,,
5.0,Se,"T, K","DGo , Kcal/mol",,Ni,"T, K","DGo , Kcal/mol",,W,"T, K","DGo , Kcal/mol",,C,"T, K","DGo , Kcal/mol",,Ge,"T, K","DGo , Kcal/mol",,Yb,"T, K","DGo , Kcal/mol",,Sm,"T, K","DGo , Kcal/mol"
,Se + O2 = SeO2,0,-54,,2Ni + O2 = 2NiO,0,-114,,2/3W + O2 = 2/3WO3,0,-133,,C + O2 = CO2,0,-94.2,,Ge + O2 = GeO2,0,-129,,4/3Yb + O2 = 2/3Yb2O3,0,-288.1,,4/3Sm + O2 = 2/3Sm2O3,0,-288.7
,m,491,-33,,m,1725,-44.5,,M,1743,-67,,,3400,-95.9,,m,1210,-73,,m,1097,-239.3,,m,1345,-227.1
,M,603,-28,,M,2257,-24.5,,B,2100,-57,,,,,,M,1389,-64,,,,,,,,
,b,952,-27,,,2500,-15,,,2500,-52,,,,,,,2500,-19,,,,,,,,
,,2250,-0.001,,,,,,,,,,,,,,,,,,,,,,,,
,,,,,,,,,,,,,,,,,,,,,,,,,,,
,,,,,,,,,,,,,,,,,,,,,,,,,,,
6.0,Tl,"T, K","DGo , Kcal/mol",,Cd,"T, K","DGo , Kcal/mol",,P,"T, K","DGo , Kcal/mol",,Fe,"T, K","DGo , Kcal/mol",,Ge,"T, K","DGo , Kcal/mol",,Ho,"T, K","DGo , Kcal/mol",,Tm,"T, K","DGo , Kcal/mol"
,4Tl + O2 = 2Tl2O,0,-69,,2Cd + O2 = CdO,0,-124,,4/5P + O2 = 2/5P2O5,0,-142,,6FeO + O2 = 2Fe3O4,840,-99,,2Ge + O2 = 2GeO(g),0,-16,,4/3Ho + O2 = 2/3Ho2O3,0,-298.5,,4/3Tm + O2 = 2/3Tm2O3,0,-299.3
,M,573,-52,,m,594,-96,,M,631,-95,,m,1642,-51.16229961304589,,m,1210,-67.4,,m,1734,-220.8,,m,1873,-216.1
,m,577,-51,,b,1040,-74,,b,704,-93,,,,,,,2000,-85.3,,,,,,,,
,B,773,-43,,,1800,-0.001,,,2500,42,,,,,,,,,,,,,,,,
,b,1760,-30,,,,,,,,,,,,,,,,,,,,,,,,
,,2000,-0.001,,,,,,,,,,,,,,,,,,,,,,,,
,,,,,,,,,,,,,,,,,,,,,,,,,,,
7.0,S,"T, K","DGo , Kcal/mol",,C,"T, K","DGo , Kcal/mol",,Cs,"T, K","DGo , Kcal/mol",,Fe,"T, K","DGo , Kcal/mol",,Sn,"T, K","DGo , Kcal/mol",,,,,,Al,"T, K","DGo , Kcal/mol"
,S + O2 = SO2,0,-86,,2CO + O2 = CO2,0,-135,,4Cs + O2 = 2Cs2O,0,-151.8,,2Fe + O2 = 2FeO,840,-99,,Sn + O2 = SnO2,0,-138.8,,,,,,4Al + O2 = 2Al2O(g),298,-102.39521261347348
,,3400,-28,,,3400,4.700000000000017,,m,302,-125,,M,1642,-75,,m,505,-114,,,,,,,933,-129.545016722408
,,,,,,,,,M,763,-84,,m,1809,-71.9,,B,2140,-31,,,,,,,2000,-155.08862876254182
,,,,,,,,,B,915,-73,,,2000,-67.9,,,,,,,,,,,,
,,,,,,,,,b,955,-72,,,,,,,,,,,,,,,,
,,,,,,,,,,,,,,,,,,,,,,,,,,,
,,,,,,,,,,,,,,,,,,,,,,,,,,,
8.0,Bi,"T, K","DGo , Kcal/mol",,Nb,"T, K","DGo , Kcal/mol",,Ti,"T, K","DGo , Kcal/mol",,Fe,"T, K","DGo , Kcal/mol",,Rb,"T, K","DGo , Kcal/mol",,,,,,,,
,3/2Bi + O2 = 1/2Bi3O4,0,-103.6,,4NbO + O2 = 2Nb2O3,0,-159,,2Ti3O5 + O2 = 6TiO2,0,-168,,4Fe3O4 + O2 = 6Fe2O3,0,-100,,4Rb + O2 = 2Rb2O,0,-157.8,,,,,,,,
,,1400,-33.3,,M,1764,-85.61226330027051,,,1940,-90,,,1853,2.8999999999999773,,m,312,-138,,,,,,,,
,,,,,,,,,M,2033,-83.12296620775976,,,,,,M,910,-96,,,,,,,,
,,,,,,,,,m,2128,-76.09803921568619,,,,,,b,952,-95,,,,,,,,
,,,,,,,,,,2150,-75.4753320683111,,,,,,,,,,,,,,,,
,,,,,,,,,,2450,-66.98387096774195,,,,,,,,,,,,,,,,
,,,,,,,,,,2500,-64,,,,,,,,,,,,,,,,
9.0,Co,"T, K","DGo , Kcal/mol",,Ga,"T, K","DGo , Kcal/mol",,Ti,"T, K","DGo , Kcal/mol",,Fe,"T, K","DGo , Kcal/mol",,Eu,"T, K","DGo , Kcal/mol",,,,,,,,
,2Co + O2 = 2CoO,0,-114.2,,4/3Ga +O2 = 2/3Ga2O3,0,-172,,6Ti2O3 + O2 = 4Ti3O5,0,-192,,3/2Fe + O2 = 1/2Fe3O4,0,-130.4,,4EuO +O2 = 2Eu2O3,0,-199.5,,,,,,,,
,m,1768,-41.5,,m,303,-158,,,1940,-108,,,840,-99,,,1090,-136.1,,,,,,,,
,M,2078,-27,,M,2073,-64,,,2033,-100.17184873949577,,,,,,,,,,,,,,,,
,,2500,-12,,b,2676,-50,,M,2128,-92.17535014005603,,,,,,,,,,,,,,,,
,,,,,,,,,m,2150,-90.32352941176464,,,,,,,,,,,,,,,,
,,,,,,,,,,,,,,,,,,,,,,,,,,,
,,,,,,,,,,,,,,,,,,,,,,,,,,,
10.0,Zn,"T, K","DGo , Kcal/mol",,Mn,"T, K","DGo , Kcal/mol",,Ti,"T, K","DGo , Kcal/mol",,H,"T, K","DGo , Kcal/mol",,Pr,"T, K","DGo , Kcal/mol",,,,,,,,
,2Zn + O2 = 2ZnO,0,-166,,2Mn + O2 = 2MnO,0,-184,,4TiO + O2 = 2Ti2O3,0,-231,,2H2 + O2 = 2H2O,0,-119.3,,1.09Pr + O2 = PrO1.83,0,-246.9,,,,,,,,
,m,693,-134,,m,1517,-130,,,1940,-152,,,3400,-26.9,,m,1208,-194.6,,,,,,,,
,b,1180,-109,,M,2054,-108,,m,2033,-147.3642857142857,,,,,,,,,,,,,,,,
,M,2240,-9,,b,2309,-99,,,2128,-145.2559192413583,,,,,,,,,,,,,,,,
,,2340,-0.001,,,2500,-89.5,,M,2150,-144.7676659528908,,,,,,,,,,,,,,,,
,,,,,,,,,,,,,,,,,,,,,,,,,,,
,,,,,,,,,,,,,,,,,,,,,,,,,,,
11.0,Ce,"T, K","DGo , Kcal/mol",,Nb,"T, K","DGo , Kcal/mol",,Ti,"T, K","DGo , Kcal/mol",,V,"T, K","DGo , Kcal/mol",,Pu,"T, K","DGo , Kcal/mol",,,,,,,,
,2Ce2O3 + O2 = 4CeO2 ,0,-180.9,,2Nb + O2 = 2NbO,0,-192,,2Ti + O2 = 2TiO,0,-247.5,,4VO + O2 = 2V2O3,0,-192.2,,4/3Pu + O2 = 2/3Pu2O3,0,-258,,,,,,,,
,,1077,-109.4,,M,2218,-108,,m,1940,-161,,,2190,-96.1,,m,913,-222,,,,,,,,
,,,,,m,3043,-77,,M,2033,-159,,m,2240,-100.625,,M,1880,-185,,,,,,,,
,,,,,,,,,,2500,-142.5,,,,,,,2500,-175,,,,,,,,
,,,,,,,,,,,,,,,,,,,,,,,,,,,
,,,,,,,,,,,,,,,,,,,,,,,,,,,
,,,,,,,,,,,,,,,,,,,,,,,,,,,
12.0,Ta,"T, K","DGo , Kcal/mol",,Nb,"T, K","DGo , Kcal/mol",,Er,"T, K","DGo , Kcal/mol",,V,"T, K","DGo , Kcal/mol",,Al,"T, K","DGo , Kcal/mol",,,,,,,,
,4/5Ta + O2 = 2/5Ta2O5,0,-196,,2Nb2O3 + O2 = 4NbO2,0,-209,,4/3Er +O2 = 2/3Er2O3,0,-260.1,,2V + O2 = 2VO,0,-198.2,,4/3Al +O2 = 2/3Al2O3,0,-266.6,,,,,,,,
,M,2150,-106,,m,1764,-163.2546828787381,,m,1770,-208.7,,m,2190,-116.5,,m,932,-220,,,,,,,,
,m,3270,-67,,,,,,,,,,M,2350,-103.5,,M,2345,-147.6,,,,,,,,
,,,,,,,,,,,,,,2500,-95,,b,2736,-128.5,,,,,,,,
,,,,,,,,,,,,,,,,,,,,,,,,,,,
,,,,,,,,,,,,,,,,,,,,,,,,,,,
,,,,,,,,,,,,,,,,,,,,,,,,,,,
13.0,Zr,"T, K","DGo , Kcal/mol",,U,"T, K","DGo , Kcal/mol",,Dy,"T, K","DGo , Kcal/mol",,Tb,"T, K","DGo , Kcal/mol",,La,"T, K","DGo , Kcal/mol",,,,,,,,
,Zr + O2 = ZrO2,0,-262,,U + O2 = UO2,0,-258,,4/3Dy +O2 = 2/3Dy2O3,0,-269.3,,1.17Tb + O2 = 1.17TbO1.709,0,-251.9,,4/3La + O2 = 2/3La2O3,0,-284.8,,,,,,,,
,m,2125,-166,,m,1405,-202,,m,1680,-220.5,,m,1638,-178.7,,m,1193,-205.7,,,,,,,,
,M,2980,-130,,M,3151,-130,,,,,,,,,,,,,,,,,,,,
,,,,,,,,,,,,,,,,,,,,,,,,,,,
,,,,,,,,,,,,,,,,,,,,,,,,,,,
,,,,,,,,,,,,,,,,,,,,,,,,,,,
,,,,,,,,,,,,,,,,,,,,,,,,,,,
14.0,Ce,"T, K","DGo , Kcal/mol",,Ba,"T, K","DGo , Kcal/mol",,Li,"T, K","DGo , Kcal/mol",,Sr,"T, K","DGo , Kcal/mol",,Eu,"T, K","DGo , Kcal/mol",,,,,,,,
,4/3Ce +O2 = 2/3Ce2O3,0,-285.7,,2Ba + O2 = BaO,0,-265,,4Li + O2 = 2Li2O,0,-286,,2Sr + O2 = 2SrO,0,-281,,2Eu + O2 = 2EuO,0,-290.4,,,,,,,,
,m,1077,-237,,m,983,-222,,m,453,-258,,m,1043,-233,,m,1090,-245,,,,,,,,
,,,,,b,1895,-183,,b,1597,-173,,b,1640,-205,,,,,,,,,,,,
,,,,,M,2191,-159,,M,2000,-128,,M,2690,-116,,,,,,,,,,,,
,,,,,,2500,-131,,,,,,,,,,,,,,,,,,,,
,,,,,,,,,,,,,,,,,,,,,,,,,,,
,,,,,,,,,,,,,,,,,,,,,,,,,,,
15.0,Pr,"T, K","DGo , Kcal/mol",,Be,"T, K","DGo , Kcal/mol",,Th,"T, K","DGo , Kcal/mol",,Mg,"T, K","DGo , Kcal/mol",,Lu,"T, K","DGo , Kcal/mol",,,,,,,,
,4/3Pr + O2 = 2/3Pr2O3,0,-289.4,,2Be + O2 = BeO,0,-286,,Th + O2 = ThO2,0,-293,,2Mg + O2 = 2MgO,0,-286,,4/3Lu + O2 = 2/3Lu2O3,0,-298.2,,,,,,,,
,m,1208,-236.1,,m,1556,-212,,m,1968,-204,,m,923,-240,,m,1925,-210.8,,,,,,,,
,,,,,M,2843,-160,,M,3493,-136,,b,1376,-214,,,,,,,,,,,,
,,,,,,,,,,,,,M,3125,-52,,,,,,,,,,,,
,,,,,,,,,,,,,,,,,,,,,,,,,,,
,,,,,,,,,,,,,,,,,,,,,,,,,,,
,,,,,,,,,,,,,,,,,,,,,,,,,,,
16.0,Sc,"T, K","DGo , Kcal/mol",,Gd,"T, K","DGo , Kcal/mol",,Ca,"T, K","DGo , Kcal/mol",,Tb,"T, K","DGo , Kcal/mol",,,,,,,,,,,,
,4/3Sc + O2 = 2/3Sc2O3,72,-299.99,,4/3Gd +O2 = 2/3Gd2O3,0,-288.6,,2Ca + O2 = CaO,65,-300,,4/3Tb + O2 = 2/3Tb2O3,0,-295.6,,,,,,,,,,,,
,m,1811,-220,,m,1558,-219.7,,m,1123,-249,,m,1638,-224.1,,,,,,,,,,,,
,,,,,,,,,b,1756,-217,,,,,,,,,,,,,,,,
,,,,,,,,,M,2887,-117,,,,,,,,,,,,,,,,
,,,,,,,,,,,,,,,,,,,,,,,,,,,
,,,,,,,,,,,,,,,,,,,,,,,,,,,
,,,,,,,,,,,,,,,,,,,,,,,,,,,
17.0,,,,,Y,"T, K","DGo , Kcal/mol",,,,,,,,,,,,,,,,,,,,
,,,,,4/3Y + O2 = 2/3Y2O3,56.91,-299.999,,,,,,,,,,,,,,,,,,,,
,,,,,m,1773,-221.6,,,,,,,,,,,,,,,,,,,,
,,,,,,,,,,,,,,,,,,,,,,,,,,,
,,,,,,,,,,,,,,,,,,,,,,,,,,,
,,,,,,,,,,,,,,,,,,,,,,,,,,,
,,,,,,,,,,,,,,,,,,,,,,,,,,,
,,,,,,,,,,,,,,,,,,,,,,,,,,,
18.0,,,,,,,,,,,,,,,,,,,,,,,,,,,
,,,,,,,,,,,,,,,,,,,,,,,,,,,
,,,,,,,,,,,,,,,,,,,,,,,,,,,
,,,,,,,,,,,,,,,,,,,,,,,,,,,
,,,,,,,,,,,,,,,,,,,,,,,,,,,
,,,,,,,,,,,,,,,,,,,,,,,,,,,
,,,,,,,,,,,,,,,,,,,,,,,,,,,
,,,,,,,,,,,,,,,,,,,,,,,,,,,
19.0,,,,,,,,,,,,,,,,,,,,,,,,,,,
,,,,,,,,,,,,,,,,,,,,,,,,,,,
,,,,,,,,,,,,,,,,,,,,,,,,,,,
,,,,,,,,,,,,,,,,,,,,,,,,,,,
,,,,,,,,,,,,,,,,,,,,,,,,,,,
,,,,,,,,,,,,,,,,,,,,,,,,,,,
,,,,,,,,,,,,,,,,,,,,,,,,,,,
,,,,,,,,,,,,,,,,,,,,,,,,,,,
1.0,Ag,"T, K","DGo , Kcal/mol",,,,,,,,,,,,,,,,,,,,,,,,
,4Ag + O2 = 2Ag2O,0,-14,,,,,,,,,,,,,,,,,,,,,,,,
,,480,-0.001,,,,,,,,,,,,,,,,,,,,,,,,
,,,,,,,,,,,,,,,,,,,,,,,,,,,
,,,,,,,,,,,,,,,,,,,,,,,,,,,
,,,,,,,,,,,,,,,,,,,,,,,,,,,
,,,,,,,,,,,,,,,,,,,,,,,,,,,
,,,,,,,,,,,,,,,,,,,,,,,,,,,
2.0,Al,"T, K","DGo , Kcal/mol",,,,,,,,,,,,,,,,,,,,,,,,
,4/3Al +O2 = 2/3Al2O3,0,-266.6,,,,,,,,,,,,,,,,,,,,,,,,
,m,932,-220,,,,,,,,,,,,,,,,,,,,,,,,
,M,2345,-147.6,,,,,,,,,,,,,,,,,,,,,,,,
,b,2736,-128.5,,,,,,,,,,,,,,,,,,,,,,,,
,,,,,,,,,,,,,,,,,,,,,,,,,,,
,,,,,,,,,,,,,,,,,,,,,,,,,,,
,,,,,,,,,,,,,,,,,,,,,,,,,,,
3.0,Al,"T, K","DGo , Kcal/mol",,,,,,,,,,,,,,,,,,,,,,,,
,4Al + O2 = 2Al2O(g),298,-102.39521261347348,,,,,,,,,,,,,,,,,,,,,,,,
,,933,-129.545016722408,,,,,,,,,,,,,,,,,,,,,,,,
,,2000,-155.08862876254182,,,,,,,,,,,,,,,,,,,,,,,,
,,,,,,,,,,,,,,,,,,,,,,,,,,,
,,,,,,,,,,,,,,,,,,,,,,,,,,,
,,,,,,,,,,,,,,,,,,,,,,,,,,,
,,,,,,,,,,,,,,,,,,,,,,,,,,,
4.0,As,"T, K","DGo , Kcal/mol",,,,,,,,,,,,,,,,,,,,,,,,
,As +O2 = 1/2As2O4,0,-104,,,,,,,,,,,,,,,,,,,,,,,,
,M,585,-79,,,,,,,,,,,,,,,,,,,,,,,,
,B,730,-77,,,,,,,,,,,,,,,,,,,,,,,,
,b,886,-71,,,,,,,,,,,,,,,,,,,,,,,,
,,2500,-16,,,,,,,,,,,,,,,,,,,,,,,,
,,,,,,,,,,,,,,,,,,,,,,,,,,,
,,,,,,,,,,,,,,,,,,,,,,,,,,,
5.0,B,"T, K","DGo , Kcal/mol",,,,,,,,,,,,,,,,,,,,,,,,
,4/3B +O2 = 2/3B2O3,0,-200.5,,,,,,,,,,,,,,,,,,,,,,,,
,M,723,-171.5,,,,,,,,,,,,,,,,,,,,,,,,
,m,2313,-112,,,,,,,,,,,,,,,,,,,,,,,,
,,,,,,,,,,,,,,,,,,,,,,,,,,,
,,,,,,,,,,,,,,,,,,,,,,,,,,,
,,,,,,,,,,,,,,,,,,,,,,,,,,,
,,,,,,,,,,,,,,,,,,,,,,,,,,,
6.0,Ba,"T, K","DGo , Kcal/mol",,,,,,,,,,,,,,,,,,,,,,,,
,2Ba + O2 = BaO,0,-265,,,,,,,,,,,,,,,,,,,,,,,,
,m,983,-222,,,,,,,,,,,,,,,,,,,,,,,,
,b,1895,-183,,,,,,,,,,,,,,,,,,,,,,,,
,M,2191,-159,,,,,,,,,,,,,,,,,,,,,,,,
,,2500,-131,,,,,,,,,,,,,,,,,,,,,,,,
,,,,,,,,,,,,,,,,,,,,,,,,,,,
,,,,,,,,,,,,,,,,,,,,,,,,,,,
7.0,Be,"T, K","DGo , Kcal/mol",,,,,,,,,,,,,,,,,,,,,,,,
,2Be + O2 = BeO,0,-286,,,,,,,,,,,,,,,,,,,,,,,,
,m,1556,-212,,,,,,,,,,,,,,,,,,,,,,,,
,M,2843,-160,,,,,,,,,,,,,,,,,,,,,,,,
,,,,,,,,,,,,,,,,,,,,,,,,,,,
,,,,,,,,,,,,,,,,,,,,,,,,,,,
,,,,,,,,,,,,,,,,,,,,,,,,,,,
,,,,,,,,,,,,,,,,,,,,,,,,,,,
8.0,Bi,"T, K","DGo , Kcal/mol",,,,,,,,,,,,,,,,,,,,,,,,
,4Bi3O4+O2 = 6Bi2O3,0,0.7999999999999545,,,,,,,,,,,,,,,,,,,,,,,,
,M,1098,-8.282285714285706,,,,,,,,,,,,,,,,,,,,,,,,
,,1400,-14.247214854111405,,,,,,,,,,,,,,,,,,,,,,,,
,,,,,,,,,,,,,,,,,,,,,,,,,,,
,,,,,,,,,,,,,,,,,,,,,,,,,,,
,,,,,,,,,,,,,,,,,,,,,,,,,,,
,,,,,,,,,,,,,,,,,,,,,,,,,,,
9.0,Bi,"T, K","DGo , Kcal/mol",,,,,,,,,,,,,,,,,,,,,,,,
,3/2Bi + O2 = 1/2Bi3O4,0,-103.6,,,,,,,,,,,,,,,,,,,,,,,,
,,1400,-33.3,,,,,,,,,,,,,,,,,,,,,,,,
,,,,,,,,,,,,,,,,,,,,,,,,,,,
,,,,,,,,,,,,,,,,,,,,,,,,,,,
,,,,,,,,,,,,,,,,,,,,,,,,,,,
,,,,,,,,,,,,,,,,,,,,,,,,,,,
,,,,,,,,,,,,,,,,,,,,,,,,,,,
10.0,C,"T, K","DGo , Kcal/mol",,,,,,,,,,,,,,,,,,,,,,,,
,2C + O2 = 2CO,0,-53.4,,,,,,,,,,,,,,,,,,,,,,,,
,,3400,-195.9,,,,,,,,,,,,,,,,,,,,,,,,
,,,,,,,,,,,,,,,,,,,,,,,,,,,
,,,,,,,,,,,,,,,,,,,,,,,,,,,
,,,,,,,,,,,,,,,,,,,,,,,,,,,
,,,,,,,,,,,,,,,,,,,,,,,,,,,
,,,,,,,,,,,,,,,,,,,,,,,,,,,
11.0,C,"T, K","DGo , Kcal/mol",,,,,,,,,,,,,,,,,,,,,,,,
,C + O2 = CO2,0,-94.2,,,,,,,,,,,,,,,,,,,,,,,,
,,3400,-95.9,,,,,,,,,,,,,,,,,,,,,,,,
,,,,,,,,,,,,,,,,,,,,,,,,,,,
,,,,,,,,,,,,,,,,,,,,,,,,,,,
,,,,,,,,,,,,,,,,,,,,,,,,,,,
,,,,,,,,,,,,,,,,,,,,,,,,,,,
,,,,,,,,,,,,,,,,,,,,,,,,,,,
12.0,C,"T, K","DGo , Kcal/mol",,,,,,,,,,,,,,,,,,,,,,,,
,2CO + O2 = CO2,0,-135,,,,,,,,,,,,,,,,,,,,,,,,
,,3400,4.700000000000017,,,,,,,,,,,,,,,,,,,,,,,,
,,,,,,,,,,,,,,,,,,,,,,,,,,,
,,,,,,,,,,,,,,,,,,,,,,,,,,,
,,,,,,,,,,,,,,,,,,,,,,,,,,,
,,,,,,,,,,,,,,,,,,,,,,,,,,,
,,,,,,,,,,,,,,,,,,,,,,,,,,,
13.0,Ca,"T, K","DGo , Kcal/mol",,,,,,,,,,,,,,,,,,,,,,,,
,2Ca + O2 = CaO,65,-299.999,,,,,,,,,,,,,,,,,,,,,,,,
,m,1123,-249,,,,,,,,,,,,,,,,,,,,,,,,
,b,1756,-217,,,,,,,,,,,,,,,,,,,,,,,,
,M,2887,-117,,,,,,,,,,,,,,,,,,,,,,,,
,,,,,,,,,,,,,,,,,,,,,,,,,,,
,,,,,,,,,,,,,,,,,,,,,,,,,,,
,,,,,,,,,,,,,,,,,,,,,,,,,,,
14.0,Cd,"T, K","DGo , Kcal/mol",,,,,,,,,,,,,,,,,,,,,,,,
,2Cd + O2 = CdO,0,-124,,,,,,,,,,,,,,,,,,,,,,,,
,m,594,-96,,,,,,,,,,,,,,,,,,,,,,,,
,b,1040,-74,,,,,,,,,,,,,,,,,,,,,,,,
,,1800,-0.001,,,,,,,,,,,,,,,,,,,,,,,,
,,,,,,,,,,,,,,,,,,,,,,,,,,,
,,,,,,,,,,,,,,,,,,,,,,,,,,,
,,,,,,,,,,,,,,,,,,,,,,,,,,,
15.0,Ce,"T, K","DGo , Kcal/mol",,,,,,,,,,,,,,,,,,,,,,,,
,4/3Ce +O2 = 2/3Ce2O3,0,-285.7,,,,,,,,,,,,,,,,,,,,,,,,
,m,1077,-237,,,,,,,,,,,,,,,,,,,,,,,,
,,,,,,,,,,,,,,,,,,,,,,,,,,,
,,,,,,,,,,,,,,,,,,,,,,,,,,,
,,,,,,,,,,,,,,,,,,,,,,,,,,,
,,,,,,,,,,,,,,,,,,,,,,,,,,,
,,,,,,,,,,,,,,,,,,,,,,,,,,,
16.0,Ce,"T, K","DGo , Kcal/mol",,,,,,,,,,,,,,,,,,,,,,,,
,2Ce2O3 + O2 = 4CeO2 ,0,-180.9,,,,,,,,,,,,,,,,,,,,,,,,
,,1077,-109.4,,,,,,,,,,,,,,,,,,,,,,,,
,,,,,,,,,,,,,,,,,,,,,,,,,,,
,,,,,,,,,,,,,,,,,,,,,,,,,,,
,,,,,,,,,,,,,,,,,,,,,,,,,,,
,,,,,,,,,,,,,,,,,,,,,,,,,,,
,,,,,,,,,,,,,,,,,,,,,,,,,,,
17.0,Co,"T, K","DGo , Kcal/mol",,,,,,,,,,,,,,,,,,,,,,,,
,2Co + O2 = 2CoO,0,-114.2,,,,,,,,,,,,,,,,,,,,,,,,
,m,1768,-41.5,,,,,,,,,,,,,,,,,,,,,,,,
,M,2078,-27,,,,,,,,,,,,,,,,,,,,,,,,
,,2500,-12,,,,,,,,,,,,,,,,,,,,,,,,
,,,,,,,,,,,,,,,,,,,,,,,,,,,
,,,,,,,,,,,,,,,,,,,,,,,,,,,
,,,,,,,,,,,,,,,,,,,,,,,,,,,
18.0,Cr,"T, K","DGo , Kcal/mol",,,,,,,,,,,,,,,,,,,,,,,,
,4/3Cr +O2 = 2/3Cr2O3,0,-178.5,,,,,,,,,,,,,,,,,,,,,,,,
,m,2176,-90,,,,,,,,,,,,,,,,,,,,,,,,
,b,2495,-77.5,,,,,,,,,,,,,,,,,,,,,,,,
,M,2603,-75.5,,,,,,,,,,,,,,,,,,,,,,,,
,,,,,,,,,,,,,,,,,,,,,,,,,,,
,,,,,,,,,,,,,,,,,,,,,,,,,,,
,,,,,,,,,,,,,,,,,,,,,,,,,,,
19.0,Cr,"T, K","DGo , Kcal/mol",,,,,,,,,,,,,,,,,,,,,,,,
,2Cr2O3 + O2 = 4CrO2 ,0,-26.5,,,,,,,,,,,,,,,,,,,,,,,,
,M,1660,40.95863970588232,,,,,,,,,,,,,,,,,,,,,,,,
,,,,,,,,,,,,,,,,,,,,,,,,,,,
,,,,,,,,,,,,,,,,,,,,,,,,,,,
,,,,,,,,,,,,,,,,,,,,,,,,,,,
,,,,,,,,,,,,,,,,,,,,,,,,,,,
,,,,,,,,,,,,,,,,,,,,,,,,,,,
20.0,Cs,"T, K","DGo , Kcal/mol",,,,,,,,,,,,,,,,,,,,,,,,
,4Cs + O2 = 2Cs2O,0,-151.8,,,,,,,,,,,,,,,,,,,,,,,,
,m,302,-125,,,,,,,,,,,,,,,,,,,,,,,,
,M,763,-84,,,,,,,,,,,,,,,,,,,,,,,,
,B,915,-73,,,,,,,,,,,,,,,,,,,,,,,,
,b,955,-72,,,,,,,,,,,,,,,,,,,,,,,,
,,,,,,,,,,,,,,,,,,,,,,,,,,,
,,,,,,,,,,,,,,,,,,,,,,,,,,,
21.0,Cu,"T, K","DGo , Kcal/mol",,,,,,,,,,,,,,,,,,,,,,,,
,4Cu + O2 = 2Cu2O,0,-80,,,,,,,,,,,,,,,,,,,,,,,,
,m,1357,-33,,,,,,,,,,,,,,,,,,,,,,,,
,M,1509,-28,,,,,,,,,,,,,,,,,,,,,,,,
,,2500,-9.5,,,,,,,,,,,,,,,,,,,,,,,,
,,,,,,,,,,,,,,,,,,,,,,,,,,,
,,,,,,,,,,,,,,,,,,,,,,,,,,,
,,,,,,,,,,,,,,,,,,,,,,,,,,,
22.0,Cu,"T, K","DGo , Kcal/mol",,,,,,,,,,,,,,,,,,,,,,,,
,Cu2O + O2 = 2CuO,0,-69,,,,,,,,,,,,,,,,,,,,,,,,
,m,1509,3.841269841269842,,,,,,,,,,,,,,,,,,,,,,,,
,M,1609,7.133198789101918,,,,,,,,,,,,,,,,,,,,,,,,
,,,,,,,,,,,,,,,,,,,,,,,,,,,
,,,,,,,,,,,,,,,,,,,,,,,,,,,
,,,,,,,,,,,,,,,,,,,,,,,,,,,
,,,,,,,,,,,,,,,,,,,,,,,,,,,
23.0,Dy,"T, K","DGo , Kcal/mol",,Dy,"T, K","DGo , Kcal/mol",,,,,,,,,,,,,,,,,,,,
,4/3Dy +O2 = 2/3Dy2O3,0,-296.3,,4/3Dy +O2 = 2/3Dy2O3,0,-269.3,,,,,,,,,,,,,,,,,,,,
,m,1680,-220.5,,m,1680,-220.5,,,,,,,,,,,,,,,,,,,,
,M,2681,-175.3358333333333,,,,,,,,,,,,,,,,,,,,,,,,
,b,2840,-168.16190476190474,,,,,,,,,,,,,,,,,,,,,,,,
,,,,,,,,,,,,,,,,,,,,,,,,,,,
,,,,,,,,,,,,,,,,,,,,,,,,,,,
,,,,,,,,,,,,,,,,,,,,,,,,,,,
24.0,Er,"T, K","DGo , Kcal/mol",,Er,"T, K","DGo , Kcal/mol",,,,,,,,,,,,,,,,,,,,
,4/3Er +O2 = 2/3Er2O3,28.67,-299.999,,4/3Er +O2 = 2/3Er2O3,0,-260.1,,,,,,,,,,,,,,,,,,,,
,m,1770,-221.1,,m,1770,-208.7,,,,,,,,,,,,,,,,,,,,
,M,2617,-182.72275214921925,,,,,,,,,,,,,,,,,,,,,,,,
,b,3141,-158.9805114481459,,,,,,,,,,,,,,,,,,,,,,,,
,,,,,,,,,,,,,,,,,,,,,,,,,,,
,,,,,,,,,,,,,,,,,,,,,,,,,,,
,,,,,,,,,,,,,,,,,,,,,,,,,,,
25.0,Eu,"T, K","DGo , Kcal/mol",,Eu,"T, K","DGo , Kcal/mol",,,,,,,,,,,,,,,,,,,,
,2Eu +O2 = 2EuO,0,-290.4,,2Eu + O2 = 2EuO,0,-290.4,,,,,,,,,,,,,,,,,,,,
,m,1090,-245,,m,1090,-245,,,,,,,,,,,,,,,,,,,,
,b,1800,-215.42752293577982,,,,,,,,,,,,,,,,,,,,,,,,
,,,,,,,,,,,,,,,,,,,,,,,,,,,
,,,,,,,,,,,,,,,,,,,,,,,,,,,
,,,,,,,,,,,,,,,,,,,,,,,,,,,
,,,,,,,,,,,,,,,,,,,,,,,,,,,
26.0,Eu,"T, K","DGo , Kcal/mol",,Eu,"T, K","DGo , Kcal/mol",,,,,,,,,,,,,,,,,,,,
,4/3Eu +O2 = 2/3Eu2O3,0,-260.1,,4EuO +O2 = 2Eu2O3,0,-199.5,,,,,,,,,,,,,,,,,,,,
,m,1090,-208.7,,,1090,-136.1,,,,,,,,,,,,,,,,,,,,
,b,1800,-175.21926605504584,,,,,,,,,,,,,,,,,,,,,,,,
,M,2623,-136.40990825688067,,,,,,,,,,,,,,,,,,,,,,,,
,,,,,,,,,,,,,,,,,,,,,,,,,,,
,,,,,,,,,,,,,,,,,,,,,,,,,,,
,,,,,,,,,,,,,,,,,,,,,,,,,,,
27.0,Eu,"T, K","DGo , Kcal/mol",,,,,,,,,,,,,,,,,,,,,,,,
,2Eu +O2 = 2EuO,0,-290.4,,,,,,,,,,,,,,,,,,,,,,,,
,m,1090,-245,,,,,,,,,,,,,,,,,,,,,,,,
,b,1800,-215.42752293577982,,,,,,,,,,,,,,,,,,,,,,,,
,,,,,,,,,,,,,,,,,,,,,,,,,,,
,,,,,,,,,,,,,,,,,,,,,,,,,,,
,,,,,,,,,,,,,,,,,,,,,,,,,,,
,,,,,,,,,,,,,,,,,,,,,,,,,,,
28.0,Fe,"T, K","DGo , Kcal/mol",,,,,,,,,,,,,,,,,,,,,,,,
,4Fe3O4 + O2 = 6Fe2O3,0,-100,,,,,,,,,,,,,,,,,,,,,,,,
,,1853,2.8999999999999773,,,,,,,,,,,,,,,,,,,,,,,,
,,,,,,,,,,,,,,,,,,,,,,,,,,,
,,,,,,,,,,,,,,,,,,,,,,,,,,,
,,,,,,,,,,,,,,,,,,,,,,,,,,,
,,,,,,,,,,,,,,,,,,,,,,,,,,,
,,,,,,,,,,,,,,,,,,,,,,,,,,,
29.0,Fe,"T, K","DGo , Kcal/mol",,,,,,,,,,,,,,,,,,,,,,,,
,6FeO + O2 = 2Fe3O4,840,-99,,,,,,,,,,,,,,,,,,,,,,,,
,m,1642,-51.16229961304589,,,,,,,,,,,,,,,,,,,,,,,,
,,,,,,,,,,,,,,,,,,,,,,,,,,,
,,,,,,,,,,,,,,,,,,,,,,,,,,,
,,,,,,,,,,,,,,,,,,,,,,,,,,,
,,,,,,,,,,,,,,,,,,,,,,,,,,,
,,,,,,,,,,,,,,,,,,,,,,,,,,,
30.0,Fe,"T, K","DGo , Kcal/mol",,,,,,,,,,,,,,,,,,,,,,,,
,2Fe + O2 = 2FeO,840,-99,,,,,,,,,,,,,,,,,,,,,,,,
,M,1642,-75,,,,,,,,,,,,,,,,,,,,,,,,
,m,1809,-71.9,,,,,,,,,,,,,,,,,,,,,,,,
,,2000,-67.9,,,,,,,,,,,,,,,,,,,,,,,,
,,,,,,,,,,,,,,,,,,,,,,,,,,,
,,,,,,,,,,,,,,,,,,,,,,,,,,,
,,,,,,,,,,,,,,,,,,,,,,,,,,,
31.0,Fe,"T, K","DGo , Kcal/mol",,,,,,,,,,,,,,,,,,,,,,,,
,3/2Fe + O2 = 1/2Fe3O4,0,-130.4,,,,,,,,,,,,,,,,,,,,,,,,
,,840,-99,,,,,,,,,,,,,,,,,,,,,,,,
,,,,,,,,,,,,,,,,,,,,,,,,,,,
,,,,,,,,,,,,,,,,,,,,,,,,,,,
,,,,,,,,,,,,,,,,,,,,,,,,,,,
,,,,,,,,,,,,,,,,,,,,,,,,,,,
,,,,,,,,,,,,,,,,,,,,,,,,,,,
32.0,Ga,"T, K","DGo , Kcal/mol",,,,,,,,,,,,,,,,,,,,,,,,
,4/3Ga +O2 = 2/3Ga2O3,0,-172,,,,,,,,,,,,,,,,,,,,,,,,
,m,303,-158,,,,,,,,,,,,,,,,,,,,,,,,
,M,2073,-64,,,,,,,,,,,,,,,,,,,,,,,,
,b,2676,-50,,,,,,,,,,,,,,,,,,,,,,,,
,,,,,,,,,,,,,,,,,,,,,,,,,,,
,,,,,,,,,,,,,,,,,,,,,,,,,,,
,,,,,,,,,,,,,,,,,,,,,,,,,,,
33.0,Gd,"T, K","DGo , Kcal/mol",,Gd,"T, K","DGo , Kcal/mol",,,,,,,,,,,,,,,,,,,,
,4/3Gd +O2 = 2/3Gd2O3,0,-288.6,,4/3Gd +O2 = 2/3Gd2O3,0,-288.6,,,,,,,,,,,,,,,,,,,,
,m,1558,-219.7,,m,1558,-219.7,,,,,,,,,,,,,,,,,,,,
,M,2693,-169.5064826700898,,,,,,,,,,,,,,,,,,,,,,,,
,b,3523,-132.8010911424903,,,,,,,,,,,,,,,,,,,,,,,,
,,,,,,,,,,,,,,,,,,,,,,,,,,,
,,,,,,,,,,,,,,,,,,,,,,,,,,,
,,,,,,,,,,,,,,,,,,,,,,,,,,,
34.0,Ge,"T, K","DGo , Kcal/mol",,,,,,,,,,,,,,,,,,,,,,,,
,Ge + O2 = GeO2,0,-129,,,,,,,,,,,,,,,,,,,,,,,,
,m,1210,-73,,,,,,,,,,,,,,,,,,,,,,,,
,M,1389,-64,,,,,,,,,,,,,,,,,,,,,,,,
,,2500,-19,,,,,,,,,,,,,,,,,,,,,,,,
,,,,,,,,,,,,,,,,,,,,,,,,,,,
,,,,,,,,,,,,,,,,,,,,,,,,,,,
,,,,,,,,,,,,,,,,,,,,,,,,,,,
35.0,Ge,"T, K","DGo , Kcal/mol",,,,,,,,,,,,,,,,,,,,,,,,
,2Ge + O2 = 2GeO(g),0,-16,,,,,,,,,,,,,,,,,,,,,,,,
,m,1210,-67.4,,,,,,,,,,,,,,,,,,,,,,,,
,,2000,-85.3,,,,,,,,,,,,,,,,,,,,,,,,
,,,,,,,,,,,,,,,,,,,,,,,,,,,
,,,,,,,,,,,,,,,,,,,,,,,,,,,
,,,,,,,,,,,,,,,,,,,,,,,,,,,
,,,,,,,,,,,,,,,,,,,,,,,,,,,
36.0,H,"T, K","DGo , Kcal/mol",,,,,,,,,,,,,,,,,,,,,,,,
,2H2 + O2 = 2H2O,0,-119.3,,,,,,,,,,,,,,,,,,,,,,,,
,,3400,-26.9,,,,,,,,,,,,,,,,,,,,,,,,
,,,,,,,,,,,,,,,,,,,,,,,,,,,
,,,,,,,,,,,,,,,,,,,,,,,,,,,
,,,,,,,,,,,,,,,,,,,,,,,,,,,
,,,,,,,,,,,,,,,,,,,,,,,,,,,
,,,,,,,,,,,,,,,,,,,,,,,,,,,
37.0,Hf,"T, K","DGo , Kcal/mol",,,,,,,,,,,,,,,,,,,,,,,,
,Hf + O2 = HfO2,0,-265,,,,,,,,,,,,,,,,,,,,,,,,
,m,2495,-152,,,,,,,,,,,,,,,,,,,,,,,,
,M,3013,-115,,,,,,,,,,,,,,,,,,,,,,,,
,,,,,,,,,,,,,,,,,,,,,,,,,,,
,,,,,,,,,,,,,,,,,,,,,,,,,,,
,,,,,,,,,,,,,,,,,,,,,,,,,,,
,,,,,,,,,,,,,,,,,,,,,,,,,,,
38.0,Ho,"T, K","DGo , Kcal/mol",,Ho,"T, K","DGo , Kcal/mol",,,,,,,,,,,,,,,,,,,,
,4/3Ho +O2 = 2/3Ho2O3,0,-298.5,,4/3Ho + O2 = 2/3Ho2O3,0,-298.5,,,,,,,,,,,,,,,,,,,,
,m,1734,-220.8,,m,1734,-220.8,,,,,,,,,,,,,,,,,,,,
,M,2688,-178.05155709342563,,,,,,,,,,,,,,,,,,,,,,,,
,b,2993,-164.3846020761246,,,,,,,,,,,,,,,,,,,,,,,,
,,,,,,,,,,,,,,,,,,,,,,,,,,,
,,,,,,,,,,,,,,,,,,,,,,,,,,,
,,,,,,,,,,,,,,,,,,,,,,,,,,,
39.0,In,"T, K","DGo , Kcal/mol",,,,,,,,,,,,,,,,,,,,,,,,
,4/3In + O2 = 2/3In2O3,0,-148,,,,,,,,,,,,,,,,,,,,,,,,
,m,429,-127,,,,,,,,,,,,,,,,,,,,,,,,
,M,2183,-41.3,,,,,,,,,,,,,,,,,,,,,,,,
,b,2364,-33,,,,,,,,,,,,,,,,,,,,,,,,
,,,,,,,,,,,,,,,,,,,,,,,,,,,
,,,,,,,,,,,,,,,,,,,,,,,,,,,
,,,,,,,,,,,,,,,,,,,,,,,,,,,
40.0,Ir,"T, K","DGo , Kcal/mol",,,,,,,,,,,,,,,,,,,,,,,,
,2/3Ir + O2 = 2/3IrO3,0,-43,,,,,,,,,,,,,,,,,,,,,,,,
,,1090,-0.0001,,,,,,,,,,,,,,,,,,,,,,,,
,,,,,,,,,,,,,,,,,,,,,,,,,,,
,,,,,,,,,,,,,,,,,,,,,,,,,,,
,,,,,,,,,,,,,,,,,,,,,,,,,,,
,,,,,,,,,,,,,,,,,,,,,,,,,,,
,,,,,,,,,,,,,,,,,,,,,,,,,,,
41.0,K,"T, K","DGo , Kcal/mol",,,,,,,,,,,,,,,,,,,,,,,,
,4K + O2 = 2K2O,0,-172,,,,,,,,,,,,,,,,,,,,,,,,
,m,336,-151,,,,,,,,,,,,,,,,,,,,,,,,
,M,980,-107,,,,,,,,,,,,,,,,,,,,,,,,
,b,1031,-104,,,,,,,,,,,,,,,,,,,,,,,,
,B,1325,-71,,,,,,,,,,,,,,,,,,,,,,,,
,,2160,-0.001,,,,,,,,,,,,,,,,,,,,,,,,
,,,,,,,,,,,,,,,,,,,,,,,,,,,
42.0,La,"T, K","DGo , Kcal/mol",,,,,,,,,,,,,,,,,,,,,,,,
,4/3La + O2 = 2/3La2O3,0,-284.8,,,,,,,,,,,,,,,,,,,,,,,,
,m,1193,-205.7,,,,,,,,,,,,,,,,,,,,,,,,
,,,,,,,,,,,,,,,,,,,,,,,,,,,
,,,,,,,,,,,,,,,,,,,,,,,,,,,
,,,,,,,,,,,,,,,,,,,,,,,,,,,
,,,,,,,,,,,,,,,,,,,,,,,,,,,
,,,,,,,,,,,,,,,,,,,,,,,,,,,
43.0,Li,"T, K","DGo , Kcal/mol",,,,,,,,,,,,,,,,,,,,,,,,
,4Li + O2 = 2Li2O,0,-286,,,,,,,,,,,,,,,,,,,,,,,,
,m,453,-258,,,,,,,,,,,,,,,,,,,,,,,,
,b,1597,-173,,,,,,,,,,,,,,,,,,,,,,,,
,M,2000,-128,,,,,,,,,,,,,,,,,,,,,,,,
,,,,,,,,,,,,,,,,,,,,,,,,,,,
,,,,,,,,,,,,,,,,,,,,,,,,,,,
,,,,,,,,,,,,,,,,,,,,,,,,,,,
44.0,Lu,"T, K","DGo , Kcal/mol",,,,,,,,,,,,,,,,,,,,,,,,
,4/3Lu + O2 = 2/3Lu2O3,0,-298.2,,,,,,,,,,,,,,,,,,,,,,,,
,m,1925,-210.8,,,,,,,,,,,,,,,,,,,,,,,,
,,,,,,,,,,,,,,,,,,,,,,,,,,,
,,,,,,,,,,,,,,,,,,,,,,,,,,,
,,,,,,,,,,,,,,,,,,,,,,,,,,,
,,,,,,,,,,,,,,,,,,,,,,,,,,,
,,,,,,,,,,,,,,,,,,,,,,,,,,,
45.0,Mg,"T, K","DGo , Kcal/mol",,,,,,,,,,,,,,,,,,,,,,,,
,2Mg + O2 = 2MgO,0,-286,,,,,,,,,,,,,,,,,,,,,,,,
,m,923,-240,,,,,,,,,,,,,,,,,,,,,,,,
,b,1376,-214,,,,,,,,,,,,,,,,,,,,,,,,
,M,3125,-52,,,,,,,,,,,,,,,,,,,,,,,,
,,,,,,,,,,,,,,,,,,,,,,,,,,,
,,,,,,,,,,,,,,,,,,,,,,,,,,,
,,,,,,,,,,,,,,,,,,,,,,,,,,,
46.0,Mn,"T, K","DGo , Kcal/mol",,,,,,,,,,,,,,,,,,,,,,,,
,2Mn + O2 = 2MnO,0,-184,,,,,,,,,,,,,,,,,,,,,,,,
,m,1517,-130,,,,,,,,,,,,,,,,,,,,,,,,
,M,2054,-108,,,,,,,,,,,,,,,,,,,,,,,,
,b,2309,-99,,,,,,,,,,,,,,,,,,,,,,,,
,,2500,-89.5,,,,,,,,,,,,,,,,,,,,,,,,
,,,,,,,,,,,,,,,,,,,,,,,,,,,
,,,,,,,,,,,,,,,,,,,,,,,,,,,
47.0,Mn,"T, K","DGo , Kcal/mol",,,,,,,,,,,,,,,,,,,,,,,,
,4MnO + O2 = 2Mn2O3,0,-95.5,,,,,,,,,,,,,,,,,,,,,,,,
,,1517,-19,,,,,,,,,,,,,,,,,,,,,,,,
,,,,,,,,,,,,,,,,,,,,,,,,,,,
,,,,,,,,,,,,,,,,,,,,,,,,,,,
,,,,,,,,,,,,,,,,,,,,,,,,,,,
,,,,,,,,,,,,,,,,,,,,,,,,,,,
,,,,,,,,,,,,,,,,,,,,,,,,,,,
48.0,Mn,"T, K","DGo , Kcal/mol",,,,,,,,,,,,,,,,,,,,,,,,
, 2Mn2O3 + O2 = 4MnO2,0,-36.5,,,,,,,,,,,,,,,,,,,,,,,,
,,1120,43.28378378378375,,,,,,,,,,,,,,,,,,,,,,,,
,,,,,,,,,,,,,,,,,,,,,,,,,,,
,,,,,,,,,,,,,,,,,,,,,,,,,,,
,,,,,,,,,,,,,,,,,,,,,,,,,,,
,,,,,,,,,,,,,,,,,,,,,,,,,,,
,,,,,,,,,,,,,,,,,,,,,,,,,,,
49.0,Na,"T, K","DGo , Kcal/mol",,,,,,,,,,,,,,,,,,,,,,,,
,4Na + O2 = 2Na2O,0,-197,,,,,,,,,,,,,,,,,,,,,,,,
,m,371,-176,,,,,,,,,,,,,,,,,,,,,,,,
,b,1156,-122,,,,,,,,,,,,,,,,,,,,,,,,
,M,1193,-119,,,,,,,,,,,,,,,,,,,,,,,,
,B,1600,-62,,,,,,,,,,,,,,,,,,,,,,,,
,,2250,-0.001,,,,,,,,,,,,,,,,,,,,,,,,
,,,,,,,,,,,,,,,,,,,,,,,,,,,
50.0,Nb,"T, K","DGo , Kcal/mol",,Nb,"T, K","DGo , Kcal/mol",,Nb,"T, K","DGo , Kcal/mol",,,,,,,,,,,,,,,,
,4NbO2 + O2 = 2Nb2O5,0,-181,,4/5Nb + O2 = 2/5Nb2O5,0,-180.8685577746077,,4NbO2 + O2 = 2Nb2O5,0,-148.64407988587732,,,,,,,,,,,,,,,,
,M,1764,-112,,,298,-168.868,,,298,-137.4,,,,,,,,,,,,,,,,
,,,,,,1700,-112.409,,,1700,-84.5,,,,,,,,,,,,,,,,
,,,,,M,1786,-108.94575178316691,,M,1764,-82.0851640513552,,,,,,,,,,,,,,,,
,,,,,,1800,-108.65,,,,,,,,,,,,,,,,,,,,
,,,,,,2700,-80.664,,,,,,,,,,,,,,,,,,,,
,,,,,m,2748,-79.17141333333333,,,,,,,,,,,,,,,,,,,,
51.0,Nb,"T, K","DGo , Kcal/mol",,Nb,"T, K","DGo , Kcal/mol",,Nb,"T, K","DGo , Kcal/mol",,,,,,,,,,,,,,,,
,2NbO + O2 = 2NbO2,0,-188,,Nb + O2 = NbO2,0,-187.75731973355536,,2NbO + O2 = 2NbO2,0,-176.9203996925442,,,,,,,,,,,,,,,,
,m,3043,-79,,,298,-176.724,,,298,-166.03,,,,,,,,,,,,,,,,
,M,3188,-73.9,,,2700,-87.791,,,2900,-70.94,,,,,,,,,,,,,,,,
,,,,,M,2177,-107.1548463780183,,m,3043,-65.71406994619524,,,,,,,,,,,,,,,,
,,,,,,2200,-100.98,,,,,,,,,,,,,,,,,,,,
,,,,,,2700,-87.792,,,,,,,,,,,,,,,,,,,,
,,,,,m,2748,-86.525952,,,,,,,,,,,,,,,,,,,,
52.0,Nb,"T, K","DGo , Kcal/mol",,Nb,"T, K","DGo , Kcal/mol",,Nb,"T, K","DGo , Kcal/mol",,,,,,,,,,,,,,,,
,2Nb + O2 = 2NbO,0,-192,,2Nb + O2 = 2NbO,0,-199.74859095688748,,2Nb + O2 = 2NbO,0,-199.75206098843321,,,,,,,,,,,,,,,,
,M,2218,-108,,,298,-187.417,,,298,-187.42,,,,,,,,,,,,,,,,
,m,3043,-77,,,2200,-108.71,,,2200,-108.71,,,,,,,,,,,,,,,,
,,,,,M,2211,-108.25480704521556,,M,2211,-108.25478969505782,,,,,,,,,,,,,,,,
,,,,,,2300,-106.462,,,2300,-106.46,,,,,,,,,,,,,,,,
,,,,,,2700,-98.325,,,2900,-93.51,,,,,,,,,,,,,,,,
,,,,,m,2748,-77,,m,3043,-90.42358333333334,,,,,,,,,,,,,,,,
53.0,Nd,"T, K","DGo , Kcal/mol",,,,,,,,,,,,,,,,,,,,,,,,
,4/3Nd +O2 = 2/3Nd2O3,0,-287.3,,,,,,,,,,,,,,,,,,,,,,,,
,m,1297,-228.9,,,,,,,,,,,,,,,,,,,,,,,,
,M,2496,-174.91264456437932,,,,,,,,,,,,,,,,,,,,,,,,
,b,3373,-135.4239784117193,,,,,,,,,,,,,,,,,,,,,,,,
,,,,,,,,,,,,,,,,,,,,,,,,,,,
,,,,,,,,,,,,,,,,,,,,,,,,,,,
,,,,,,,,,,,,,,,,,,,,,,,,,,,
54.0,Ni,"T, K","DGo , Kcal/mol",,,,,,,,,,,,,,,,,,,,,,,,
,2Ni + O2 = 2NiO,0,-114,,,,,,,,,,,,,,,,,,,,,,,,
,m,1725,-44.5,,,,,,,,,,,,,,,,,,,,,,,,
,M,2257,-24.5,,,,,,,,,,,,,,,,,,,,,,,,
,,2500,-15,,,,,,,,,,,,,,,,,,,,,,,,
,,,,,,,,,,,,,,,,,,,,,,,,,,,
,,,,,,,,,,,,,,,,,,,,,,,,,,,
,,,,,,,,,,,,,,,,,,,,,,,,,,,
55.0,Os,"T, K","DGo , Kcal/mol",,,,,,,,,,,,,,,,,,,,,,,,
,Os + O2 = OsO2,0,-62,,,,,,,,,,,,,,,,,,,,,,,,
,,923,-23,,,,,,,,,,,,,,,,,,,,,,,,
,,,,,,,,,,,,,,,,,,,,,,,,,,,
,,,,,,,,,,,,,,,,,,,,,,,,,,,
,,,,,,,,,,,,,,,,,,,,,,,,,,,
,,,,,,,,,,,,,,,,,,,,,,,,,,,
,,,,,,,,,,,,,,,,,,,,,,,,,,,
56.0,P,"T, K","DGo , Kcal/mol",,,,,,,,,,,,,,,,,,,,,,,,
,4/5P + O2 = 2/5P2O5,0,-142,,,,,,,,,,,,,,,,,,,,,,,,
,M,631,-95,,,,,,,,,,,,,,,,,,,,,,,,
,b,704,-93,,,,,,,,,,,,,,,,,,,,,,,,
,,2500,42,,,,,,,,,,,,,,,,,,,,,,,,
,,,,,,,,,,,,,,,,,,,,,,,,,,,
,,,,,,,,,,,,,,,,,,,,,,,,,,,
,,,,,,,,,,,,,,,,,,,,,,,,,,,
57.0,Pb,"T, K","DGo , Kcal/mol",,,,,,,,,,,,,,,,,,,,,,,,
,2Pb + O2 = 2PbO,0,-104,,,,,,,,,,,,,,,,,,,,,,,,
,m,762,-69,,,,,,,,,,,,,,,,,,,,,,,,
,M,1159,-52,,,,,,,,,,,,,,,,,,,,,,,,
,B,1745,-29,,,,,,,,,,,,,,,,,,,,,,,,
,b,2016,-35,,,,,,,,,,,,,,,,,,,,,,,,
,,2500,-24,,,,,,,,,,,,,,,,,,,,,,,,
,,,,,,,,,,,,,,,,,,,,,,,,,,,
58.0,Pr,"T, K","DGo , Kcal/mol",,,,,,,,,,,,,,,,,,,,,,,,
,PrO1.83,0,-246.9,,,,,,,,,,,,,,,,,,,,,,,,
,m,1208,-194.6,,,,,,,,,,,,,,,,,,,,,,,,
,,,,,,,,,,,,,,,,,,,,,,,,,,,
,,,,,,,,,,,,,,,,,,,,,,,,,,,
,,,,,,,,,,,,,,,,,,,,,,,,,,,
,,,,,,,,,,,,,,,,,,,,,,,,,,,
,,,,,,,,,,,,,,,,,,,,,,,,,,,
59.0,Pr,"T, K","DGo , Kcal/mol",,Pr,"T, K","DGo , Kcal/mol",,,,,,,,,,,,,,,,,,,,
,4/3Pr +O2 = 2/3Pr2O3,0,-289.4,,4/3Pr + O2 = 2/3Pr2O3,0,-289.4,,,,,,,,,,,,,,,,,,,,
,m,1208,-236.1,,m,1208,-236.1,,,,,,,,,,,,,,,,,,,,
,M,2456,-181.03509933774836,,,,,,,,,,,,,,,,,,,,,,,,
,b,3563,-132.19147350993381,,,,,,,,,,,,,,,,,,,,,,,,
,,,,,,,,,,,,,,,,,,,,,,,,,,,
,,,,,,,,,,,,,,,,,,,,,,,,,,,
,,,,,,,,,,,,,,,,,,,,,,,,,,,
60.0,Pt,"T, K","DGo , Kcal/mol",,,,,,,,,,,,,,,,,,,,,,,,
,3/2Pt + O2 = 1/2Pt3O4,0,-32,,,,,,,,,,,,,,,,,,,,,,,,
,,734,-0.001,,,,,,,,,,,,,,,,,,,,,,,,
,,,,,,,,,,,,,,,,,,,,,,,,,,,
,,,,,,,,,,,,,,,,,,,,,,,,,,,
,,,,,,,,,,,,,,,,,,,,,,,,,,,
,,,,,,,,,,,,,,,,,,,,,,,,,,,
,,,,,,,,,,,,,,,,,,,,,,,,,,,
61.0,Pu,"T, K","DGo , Kcal/mol",,,,,,,,,,,,,,,,,,,,,,,,
,4/3Pu + O2 = 2/3Pu2O3,0,-258,,,,,,,,,,,,,,,,,,,,,,,,
,m,913,-222,,,,,,,,,,,,,,,,,,,,,,,,
,M,1880,-185,,,,,,,,,,,,,,,,,,,,,,,,
,,2500,-175,,,,,,,,,,,,,,,,,,,,,,,,
,,,,,,,,,,,,,,,,,,,,,,,,,,,
,,,,,,,,,,,,,,,,,,,,,,,,,,,
,,,,,,,,,,,,,,,,,,,,,,,,,,,
62.0,Rb,"T, K","DGo , Kcal/mol",,,,,,,,,,,,,,,,,,,,,,,,
,4Rb + O2 = 2Rb2O,0,-157.8,,,,,,,,,,,,,,,,,,,,,,,,
,m,312,-138,,,,,,,,,,,,,,,,,,,,,,,,
,M,910,-96,,,,,,,,,,,,,,,,,,,,,,,,
,b,952,-95,,,,,,,,,,,,,,,,,,,,,,,,
,,,,,,,,,,,,,,,,,,,,,,,,,,,
,,,,,,,,,,,,,,,,,,,,,,,,,,,
,,,,,,,,,,,,,,,,,,,,,,,,,,,
63.0,Rh,"T, K","DGo , Kcal/mol",,,,,,,,,,,,,,,,,,,,,,,,
,4/3Rh + O2 = 2/3Rh2O3,0,-42,,,,,,,,,,,,,,,,,,,,,,,,
,,1050,-0.001,,,,,,,,,,,,,,,,,,,,,,,,
,,,,,,,,,,,,,,,,,,,,,,,,,,,
,,,,,,,,,,,,,,,,,,,,,,,,,,,
,,,,,,,,,,,,,,,,,,,,,,,,,,,
,,,,,,,,,,,,,,,,,,,,,,,,,,,
,,,,,,,,,,,,,,,,,,,,,,,,,,,
64.0,S,"T, K","DGo , Kcal/mol",,,,,,,,,,,,,,,,,,,,,,,,
,S + O2 = SO2,0,-86,,,,,,,,,,,,,,,,,,,,,,,,
,,3400,-28,,,,,,,,,,,,,,,,,,,,,,,,
,,,,,,,,,,,,,,,,,,,,,,,,,,,
,,,,,,,,,,,,,,,,,,,,,,,,,,,
,,,,,,,,,,,,,,,,,,,,,,,,,,,
,,,,,,,,,,,,,,,,,,,,,,,,,,,
,,,,,,,,,,,,,,,,,,,,,,,,,,,
65.0,Sb,"T, K","DGo , Kcal/mol",,,,,,,,,,,,,,,,,,,,,,,,
,4/3Sb +O2 = 2/3Sb2O3,0,-111,,,,,,,,,,,,,,,,,,,,,,,,
,m,904,-74,,,,,,,,,,,,,,,,,,,,,,,,
,M,928,-73,,,,,,,,,,,,,,,,,,,,,,,,
,B,1698,-45,,,,,,,,,,,,,,,,,,,,,,,,
,b,1908,-32,,,,,,,,,,,,,,,,,,,,,,,,
,,2380,-0.0001,,,,,,,,,,,,,,,,,,,,,,,,
,,,,,,,,,,,,,,,,,,,,,,,,,,,
66.0,Sc,"T, K","DGo , Kcal/mol",,,,,,,,,,,,,,,,,,,,,,,,
,4/3Sc + O2 = 2/3Sc2O3,72,-299.99,,,,,,,,,,,,,,,,,,,,,,,,
,m,1811,-220,,,,,,,,,,,,,,,,,,,,,,,,
,,,,,,,,,,,,,,,,,,,,,,,,,,,
,,,,,,,,,,,,,,,,,,,,,,,,,,,
,,,,,,,,,,,,,,,,,,,,,,,,,,,
,,,,,,,,,,,,,,,,,,,,,,,,,,,
,,,,,,,,,,,,,,,,,,,,,,,,,,,
67.0,Se,"T, K","DGo , Kcal/mol",,,,,,,,,,,,,,,,,,,,,,,,
,Se + O2 = SeO2,0,-54,,,,,,,,,,,,,,,,,,,,,,,,
,m,491,-33,,,,,,,,,,,,,,,,,,,,,,,,
,M,603,-28,,,,,,,,,,,,,,,,,,,,,,,,
,b,952,-27,,,,,,,,,,,,,,,,,,,,,,,,
,,2250,-0.001,,,,,,,,,,,,,,,,,,,,,,,,
,,,,,,,,,,,,,,,,,,,,,,,,,,,
,,,,,,,,,,,,,,,,,,,,,,,,,,,
68.0,Si,"T, K","DGo , Kcal/mol",,,,,,,,,,,,,,,,,,,,,,,,
,Si + O2 = SiO2,0,-216.5,,,,,,,,,,,,,,,,,,,,,,,,
,m,1685,-145.8,,,,,,,,,,,,,,,,,,,,,,,,
,M,1696,-145.4,,,,,,,,,,,,,,,,,,,,,,,,
,,2500,-107.8,,,,,,,,,,,,,,,,,,,,,,,,
,,,,,,,,,,,,,,,,,,,,,,,,,,,
,,,,,,,,,,,,,,,,,,,,,,,,,,,
,,,,,,,,,,,,,,,,,,,,,,,,,,,
69.0,Sm,"T, K","DGo , Kcal/mol",,Sm,"T, K","DGo , Kcal/mol",,,,,,,,,,,,,,,,,,,,
,4/3Sm +O2 = 2/3Sm2O3,0,-288.7,,4/3Sm + O2 = 2/3Sm2O3,0,-288.7,,,,,,,,,,,,,,,,,,,,
,m,1345,-227.1,,m,1345,-227.1,,,,,,,,,,,,,,,,,,,,
,b,2076,-193.62074349442378,,,,,,,,,,,,,,,,,,,,,,,,
,M,2608,-169.25553903345724,,,,,,,,,,,,,,,,,,,,,,,,
,,,,,,,,,,,,,,,,,,,,,,,,,,,
,,,,,,,,,,,,,,,,,,,,,,,,,,,
,,,,,,,,,,,,,,,,,,,,,,,,,,,
70.0,Sn,"T, K","DGo , Kcal/mol",,,,,,,,,,,,,,,,,,,,,,,,
,Sn + O2 = SnO2,0,-138.8,,,,,,,,,,,,,,,,,,,,,,,,
,m,505,-114,,,,,,,,,,,,,,,,,,,,,,,,
,B,2140,-31,,,,,,,,,,,,,,,,,,,,,,,,
,,,,,,,,,,,,,,,,,,,,,,,,,,,
,,,,,,,,,,,,,,,,,,,,,,,,,,,
,,,,,,,,,,,,,,,,,,,,,,,,,,,
,,,,,,,,,,,,,,,,,,,,,,,,,,,
71.0,Sr,"T, K","DGo , Kcal/mol",,,,,,,,,,,,,,,,,,,,,,,,
,2Sr + O2 = 2SrO,0,-281,,,,,,,,,,,,,,,,,,,,,,,,
,m,1043,-233,,,,,,,,,,,,,,,,,,,,,,,,
,b,1640,-205,,,,,,,,,,,,,,,,,,,,,,,,
,M,2690,-116,,,,,,,,,,,,,,,,,,,,,,,,
,,,,,,,,,,,,,,,,,,,,,,,,,,,
,,,,,,,,,,,,,,,,,,,,,,,,,,,
,,,,,,,,,,,,,,,,,,,,,,,,,,,
72.0,Ta,"T, K","DGo , Kcal/mol",,,,,,,,,,,,,,,,,,,,,,,,
,4/5Ta + O2 = 2/5Ta2O5,0,-196,,,,,,,,,,,,,,,,,,,,,,,,
,M,2150,-106,,,,,,,,,,,,,,,,,,,,,,,,
,m,3270,-67,,,,,,,,,,,,,,,,,,,,,,,,
,,,,,,,,,,,,,,,,,,,,,,,,,,,
,,,,,,,,,,,,,,,,,,,,,,,,,,,
,,,,,,,,,,,,,,,,,,,,,,,,,,,
,,,,,,,,,,,,,,,,,,,,,,,,,,,
73.0,Tb,"T, K","DGo , Kcal/mol",,,,,,,,,,,,,,,,,,,,,,,,
,1.17Tb +O2 = 1.17TbO1.709,0,-265.2,,,,,,,,,,,,,,,,,,,,,,,,
,m,1638,-191.8,,,,,,,,,,,,,,,,,,,,,,,,
,b,3503,-108.22796092796095,,,,,,,,,,,,,,,,,,,,,,,,
,,,,,,,,,,,,,,,,,,,,,,,,,,,
,,,,,,,,,,,,,,,,,,,,,,,,,,,
,,,,,,,,,,,,,,,,,,,,,,,,,,,
,,,,,,,,,,,,,,,,,,,,,,,,,,,
74.0,Tb,"T, K","DGo , Kcal/mol",,Tb,"T, K","DGo , Kcal/mol",,,,,,,,,,,,,,,,,,,,
,1.04Tb +O2 =1.04TbO1.917,0,-251.9,,TbO1.817,0,-251.9,,,,,,,,,,,,,,,,,,,,
,m,1638,-178.7,,m,1638,-178.7,,,,,,,,,,,,,,,,,,,,
,b,3503,-95.35567765567762,,,,,,,,,,,,,,,,,,,,,,,,
,,,,,,,,,,,,,,,,,,,,,,,,,,,
,,,,,,,,,,,,,,,,,,,,,,,,,,,
,,,,,,,,,,,,,,,,,,,,,,,,,,,
,,,,,,,,,,,,,,,,,,,,,,,,,,,
75.0,Tb,"T, K","DGo , Kcal/mol",,Tb,"T, K","DGo , Kcal/mol",,,,,,,,,,,,,,,,,,,,
,4/3Tb +O2 = 2/3Tb2O3,0,-295.6,,4/3Tb + O2 = 2/3Tb2O3,0,-295.6,,,,,,,,,,,,,,,,,,,,
,m,1638,-224.1,,m,1638,-224.1,,,,,,,,,,,,,,,,,,,,
,M,2680,-178.61587301587298,,,,,,,,,,,,,,,,,,,,,,,,
,b,3503,-142.6912698412698,,,,,,,,,,,,,,,,,,,,,,,,
,,,,,,,,,,,,,,,,,,,,,,,,,,,
,,,,,,,,,,,,,,,,,,,,,,,,,,,
,,,,,,,,,,,,,,,,,,,,,,,,,,,
76.0,Te,"T, K","DGo , Kcal/mol",,,,,,,,,,,,,,,,,,,,,,,,
,Te + O2 = TeO2,0,-77,,,,,,,,,,,,,,,,,,,,,,,,
,m,723,-46,,,,,,,,,,,,,,,,,,,,,,,,
,M,1006,-33,,,,,,,,,,,,,,,,,,,,,,,,
,b,1267,-2,,,,,,,,,,,,,,,,,,,,,,,,
,,1700,-0.001,,,,,,,,,,,,,,,,,,,,,,,,
,,,,,,,,,,,,,,,,,,,,,,,,,,,
,,,,,,,,,,,,,,,,,,,,,,,,,,,
77.0,Th,"T, K","DGo , Kcal/mol",,,,,,,,,,,,,,,,,,,,,,,,
,Th + O2 = ThO2,0,-293,,,,,,,,,,,,,,,,,,,,,,,,
,m,1968,-204,,,,,,,,,,,,,,,,,,,,,,,,
,M,3493,-136,,,,,,,,,,,,,,,,,,,,,,,,
,,,,,,,,,,,,,,,,,,,,,,,,,,,
,,,,,,,,,,,,,,,,,,,,,,,,,,,
,,,,,,,,,,,,,,,,,,,,,,,,,,,
,,,,,,,,,,,,,,,,,,,,,,,,,,,
78.0,Ti,"T, K","DGo , Kcal/mol",,,,,,,,,,,,,,,,,,,,,,,,
,2Ti + O2 = 2TiO,0,-247.5,,,,,,,,,,,,,,,,,,,,,,,,
,m,1940,-161,,,,,,,,,,,,,,,,,,,,,,,,
,M,2033,-159,,,,,,,,,,,,,,,,,,,,,,,,
,,2500,-142.5,,,,,,,,,,,,,,,,,,,,,,,,
,,,,,,,,,,,,,,,,,,,,,,,,,,,
,,,,,,,,,,,,,,,,,,,,,,,,,,,
,,,,,,,,,,,,,,,,,,,,,,,,,,,
79.0,Ti,"T, K","DGo , Kcal/mol",,,,,,,,,,,,,,,,,,,,,,,,
,4TiO + O2 = 2Ti2O3,0,-231,,,,,,,,,,,,,,,,,,,,,,,,
,,1940,-152,,,,,,,,,,,,,,,,,,,,,,,,
,m,2033,-147.3642857142857,,,,,,,,,,,,,,,,,,,,,,,,
,,2128,-145.2559192413583,,,,,,,,,,,,,,,,,,,,,,,,
,M,2150,-144.7676659528908,,,,,,,,,,,,,,,,,,,,,,,,
,,,,,,,,,,,,,,,,,,,,,,,,,,,
,,,,,,,,,,,,,,,,,,,,,,,,,,,
80.0,Ti,"T, K","DGo , Kcal/mol",,,,,,,,,,,,,,,,,,,,,,,,
,6Ti2O3 + O2 = 4Ti3O5,0,-192,,,,,,,,,,,,,,,,,,,,,,,,
,,1940,-108,,,,,,,,,,,,,,,,,,,,,,,,
,,2033,-100.17184873949577,,,,,,,,,,,,,,,,,,,,,,,,
,M,2128,-92.17535014005603,,,,,,,,,,,,,,,,,,,,,,,,
,m,2150,-90.32352941176464,,,,,,,,,,,,,,,,,,,,,,,,
,,,,,,,,,,,,,,,,,,,,,,,,,,,
,,,,,,,,,,,,,,,,,,,,,,,,,,,
81.0,Ti,"T, K","DGo , Kcal/mol",,,,,,,,,,,,,,,,,,,,,,,,
,2Ti3O5 + O2 = 6TiO2,0,-168,,,,,,,,,,,,,,,,,,,,,,,,
,,1940,-90,,,,,,,,,,,,,,,,,,,,,,,,
,M,2033,-83.12296620775976,,,,,,,,,,,,,,,,,,,,,,,,
,m,2128,-76.09803921568619,,,,,,,,,,,,,,,,,,,,,,,,
,,2150,-75.4753320683111,,,,,,,,,,,,,,,,,,,,,,,,
,,2450,-66.98387096774195,,,,,,,,,,,,,,,,,,,,,,,,
,,2500,-64,,,,,,,,,,,,,,,,,,,,,,,,
82.0,Tl,"T, K","DGo , Kcal/mol",,,,,,,,,,,,,,,,,,,,,,,,
,4Tl + O2 = 2Tl2O,0,-69,,,,,,,,,,,,,,,,,,,,,,,,
,M,573,-52,,,,,,,,,,,,,,,,,,,,,,,,
,m,577,-51,,,,,,,,,,,,,,,,,,,,,,,,
,B,773,-43,,,,,,,,,,,,,,,,,,,,,,,,
,b,1760,-30,,,,,,,,,,,,,,,,,,,,,,,,
,,2000,-0.001,,,,,,,,,,,,,,,,,,,,,,,,
,,,,,,,,,,,,,,,,,,,,,,,,,,,
83.0,Tl,"T, K","DGo , Kcal/mol",,,,,,,,,,,,,,,,,,,,,,,,
,Tl2O + O2 = Tl2O3,0,-49.5,,,,,,,,,,,,,,,,,,,,,,,,
,m,573,-13.31195840554593,,,,,,,,,,,,,,,,,,,,,,,,
,,577,-13.5,,,,,,,,,,,,,,,,,,,,,,,,
,b,773,-5.398305084745765,,,,,,,,,,,,,,,,,,,,,,,,
,M,990,6.570921985815602,,,,,,,,,,,,,,,,,,,,,,,,
,,1200,18.68644326241135,,,,,,,,,,,,,,,,,,,,,,,,
,,1760,15,,,,,,,,,,,,,,,,,,,,,,,,
84.0,Tm,"T, K","DGo , Kcal/mol",,Tm,"T, K","DGo , Kcal/mol",,,,,,,,,,,,,,,,,,,,
,4/3Tm +O2 = 2/3Tm2O3,0,-299.3,,4/3Tm + O2 = 2/3Tm2O3,0,-299.3,,,,,,,,,,,,,,,,,,,,
,m,1873,-216.1,,m,1873,-216.1,,,,,,,,,,,,,,,,,,,,
,b,2223,-200.55274959957288,,,,,,,,,,,,,,,,,,,,,,,,
,M,2614,-183.18424986652428,,,,,,,,,,,,,,,,,,,,,,,,
,,,,,,,,,,,,,,,,,,,,,,,,,,,
,,,,,,,,,,,,,,,,,,,,,,,,,,,
,,,,,,,,,,,,,,,,,,,,,,,,,,,
85.0,U,"T, K","DGo , Kcal/mol",,,,,,,,,,,,,,,,,,,,,,,,
,U + O2 = UO2,0,-258,,,,,,,,,,,,,,,,,,,,,,,,
,m,1405,-202,,,,,,,,,,,,,,,,,,,,,,,,
,M,3151,-130,,,,,,,,,,,,,,,,,,,,,,,,
,,,,,,,,,,,,,,,,,,,,,,,,,,,
,,,,,,,,,,,,,,,,,,,,,,,,,,,
,,,,,,,,,,,,,,,,,,,,,,,,,,,
,,,,,,,,,,,,,,,,,,,,,,,,,,,
86.0,V,"T, K","DGo , Kcal/mol",,,,,,,,,,,,,,,,,,,,,,,,
,2V + O2 = 2VO,0,-198.2,,,,,,,,,,,,,,,,,,,,,,,,
,m,2190,-116.5,,,,,,,,,,,,,,,,,,,,,,,,
,M,2350,-103.5,,,,,,,,,,,,,,,,,,,,,,,,
,,2500,-95,,,,,,,,,,,,,,,,,,,,,,,,
,,,,,,,,,,,,,,,,,,,,,,,,,,,
,,,,,,,,,,,,,,,,,,,,,,,,,,,
,,,,,,,,,,,,,,,,,,,,,,,,,,,
87.0,V,"T, K","DGo , Kcal/mol",,,,,,,,,,,,,,,,,,,,,,,,
,4VO + O2 = 2V2O3,0,-192.2,,,,,,,,,,,,,,,,,,,,,,,,
,,2190,-96.1,,,,,,,,,,,,,,,,,,,,,,,,
,m,2240,-100.625,,,,,,,,,,,,,,,,,,,,,,,,
,,,,,,,,,,,,,,,,,,,,,,,,,,,
,,,,,,,,,,,,,,,,,,,,,,,,,,,
,,,,,,,,,,,,,,,,,,,,,,,,,,,
,,,,,,,,,,,,,,,,,,,,,,,,,,,
88.0,V,"T, K","DGo , Kcal/mol",,,,,,,,,,,,,,,,,,,,,,,,
,2V2O3 + O2 = 4VO2,0,-83.40000000000009,,,,,,,,,,,,,,,,,,,,,,,,
,M,1609.9082934765765,-33.29673866701099,,,,,,,,,,,,,,,,,,,,,,,,
,,,,,,,,,,,,,,,,,,,,,,,,,,,
,,,,,,,,,,,,,,,,,,,,,,,,,,,
,,,,,,,,,,,,,,,,,,,,,,,,,,,
,,,,,,,,,,,,,,,,,,,,,,,,,,,
,,,,,,,,,,,,,,,,,,,,,,,,,,,
89.0,V,"T, K","DGo , Kcal/mol",,,,,,,,,,,,,,,,,,,,,,,,
,4VO2 + O2 = 2V2O5,0,-75.5,,,,,,,,,,,,,,,,,,,,,,,,
,M,943,-19.08690869086911,,,,,,,,,,,,,,,,,,,,,,,,
,m,1609.9082934765765,-33.296738667011,,,,,,,,,,,,,,,,,,,,,,,,
,,,,,,,,,,,,,,,,,,,,,,,,,,,
,,,,,,,,,,,,,,,,,,,,,,,,,,,
,,,,,,,,,,,,,,,,,,,,,,,,,,,
,,,,,,,,,,,,,,,,,,,,,,,,,,,
90.0,V,"T, K","DGo , Kcal/mol",,,,,,,,,,,,,,,,,,,,,,,,
,V2O3 + O2 = V2O5,1610,-33.29628862695127,,,,,,,,,,,,,,,,,,,,,,,,
,M,1818,-32.275550636596336,,,,,,,,,,,,,,,,,,,,,,,,
,,,,,,,,,,,,,,,,,,,,,,,,,,,
,,,,,,,,,,,,,,,,,,,,,,,,,,,
,,,,,,,,,,,,,,,,,,,,,,,,,,,
,,,,,,,,,,,,,,,,,,,,,,,,,,,
,,,,,,,,,,,,,,,,,,,,,,,,,,,
91.0,W,"T, K","DGo , Kcal/mol",,,,,,,,,,,,,,,,,,,,,,,,
,2/3W + O2 = 2/3WO3,0,-133,,,,,,,,,,,,,,,,,,,,,,,,
,M,1743,-67,,,,,,,,,,,,,,,,,,,,,,,,
,B,2100,-57,,,,,,,,,,,,,,,,,,,,,,,,
,,2500,-52,,,,,,,,,,,,,,,,,,,,,,,,
,,,,,,,,,,,,,,,,,,,,,,,,,,,
,,,,,,,,,,,,,,,,,,,,,,,,,,,
,,,,,,,,,,,,,,,,,,,,,,,,,,,
92.0,Y,"T, K","DGo , Kcal/mol",,Y,"T, K","DGo , Kcal/mol",,,,,,,,,,,,,,,,,,,,
,4/3Y +O2 = 2/3Y2O3,56.91,-299.999,,4/3Y + O2 = 2/3Y2O3,44,-299.999,,,,,,,,,,,,,,,,,,,,
,m,1773,-221.6,,m,1773,-221.6,,,,,,,,,,,,,,,,,,,,
,M,2698,-179.3416831285072,,,,,,,,,,,,,,,,,,,,,,,,
,b,3609,-137.72295159344785,,,,,,,,,,,,,,,,,,,,,,,,
,,,,,,,,,,,,,,,,,,,,,,,,,,,
,,,,,,,,,,,,,,,,,,,,,,,,,,,
,,,,,,,,,,,,,,,,,,,,,,,,,,,
93.0,Yb,"T, K","DGo , Kcal/mol",,Yb,"T, K","DGo , Kcal/mol",,,,,,,,,,,,,,,,,,,,
,4/3Yb +O2 = 2/3Yb2O3,0,-288.1,,4/3Yb + O2 = 2/3Yb2O3,0,-288.1,,,,,,,,,,,,,,,,,,,,
,m,1097,-239.3,,m,1097,-239.3,,,,,,,,,,,,,,,,,,,,
,b,1469,-222.75159525979944,,,,,,,,,,,,,,,,,,,,,,,,
,,,,,,,,,,,,,,,,,,,,,,,,,,,
,,,,,,,,,,,,,,,,,,,,,,,,,,,
,,,,,,,,,,,,,,,,,,,,,,,,,,,
,,,,,,,,,,,,,,,,,,,,,,,,,,,
94.0,Zn,"T, K","DGo , Kcal/mol",,,,,,,,,,,,,,,,,,,,,,,,
,2Zn + O2 = 2ZnO,0,-166,,,,,,,,,,,,,,,,,,,,,,,,
,m,693,-134,,,,,,,,,,,,,,,,,,,,,,,,
,b,1180,-109,,,,,,,,,,,,,,,,,,,,,,,,
,M,2240,-9,,,,,,,,,,,,,,,,,,,,,,,,
,,2340,-0.001,,,,,,,,,,,,,,,,,,,,,,,,
,,,,,,,,,,,,,,,,,,,,,,,,,,,
,,,,,,,,,,,,,,,,,,,,,,,,,,,
95.0,Zr,"T, K","DGo , Kcal/mol",,Zr,"T, K","DGo , Kcal/mol",,,,,,,,,,,,,,,,,,,,
,Zr + O2 = ZrO2,0,-262,,Zr + O2 = ZrO2,0,-262,,,,,,,,,,,,,,,,,,,,
,m,2125,-166,,m,2125,-166,,,,,,,,,,,,,,,,,,,,
,M,2980,-130,,M,2980,-130,,,,,,,,,,,,,,,,,,,,
