Element,Reaction,T (K),DeltaG (kJ/mol),Phase
Ag,4Ag + O2 = 2Ag2O,480.0,-0.004184,
Al,4/3Al +O2 = 2/3Al2O3,932.0,-920.48,m
Al,4Al + O2 = 2Al2O(g),933.0,-542.0163499665551,
Al,4Al + O2 = 2Al2O(g),2000.0,-648.8908227424757,
Al,4/3Al +O2 = 2/3Al2O3,2345.0,-617.5584,M
Al,4/3Al +O2 = 2/3Al2O3,2736.0,-537.644,b
As,As +O2 = 1/2As2O4,585.0,-330.536,M
As,As +O2 = 1/2As2O4,730.0,-322.168,B
As,As +O2 = 1/2As2O4,886.0,-297.064,b
As,As +O2 = 1/2As2O4,2500.0,-66.944,
B,4/3B +O2 = 2/3B2O3,723.0,-717.556,M
B,4/3B +O2 = 2/3B2O3,2313.0,-468.608,m
Ba,2Ba + O2 = BaO,983.0,-928.8480000000001,m
Ba,2Ba + O2 = BaO,1895.0,-765.672,b
Ba,2Ba + O2 = BaO,2191.0,-665.256,M
Ba,2Ba + O2 = BaO,2500.0,-548.104,
Be,2Be + O2 = BeO,1556.0,-887.008,m
Be,2Be + O2 = BeO,2843.0,-669.44,M
Bi,4Bi3O4+O2 = 6Bi2O3,1098.0,-34.65308342857141,M
Bi,4Bi3O4+O2 = 6Bi2O3,1400.0,-59.610346949602096,
Bi,3/2Bi + O2 = 1/2Bi3O4,1400.0,-139.3272,
C,2C + O2 = 2CO,3400.0,-819.6456000000001,
C,C + O2 = CO2,3400.0,-401.2456,
C,2CO + O2 = CO2,3400.0,19.664800000000085,
Ca,2Ca + O2 = CaO,1123.0,-1041.816,m
Ca,2Ca + O2 = CaO,1756.0,-907.928,b
Ca,2Ca + O2 = CaO,2887.0,-489.528,M
Cd,2Cd + O2 = CdO,594.0,-401.664,m
Cd,2Cd + O2 = CdO,1040.0,-309.616,b
Cd,2Cd + O2 = CdO,1800.0,-0.004184,
Ce,4/3Ce +O2 = 2/3Ce2O3,1077.0,-991.6080000000001,m
Ce,2Ce2O3 + O2 = 4CeO2,1077.0,-457.72960000000006,
Co,2Co + O2 = 2CoO,1768.0,-173.636,m
Co,2Co + O2 = 2CoO,2078.0,-112.968,M
Co,2Co + O2 = 2CoO,2500.0,-50.208,
Cr,2Cr2O3 + O2 = 4CrO2,1660.0,171.37094852941155,M
Cr,4/3Cr +O2 = 2/3Cr2O3,2176.0,-376.56,m
Cr,4/3Cr +O2 = 2/3Cr2O3,2495.0,-324.26,b
Cr,4/3Cr +O2 = 2/3Cr2O3,2603.0,-315.892,M
Cs,4Cs + O2 = 2Cs2O,302.0,-523.0,m
Cs,4Cs + O2 = 2Cs2O,763.0,-351.456,M
Cs,4Cs + O2 = 2Cs2O,915.0,-305.432,B
Cs,4Cs + O2 = 2Cs2O,955.0,-301.248,b
Cu,4Cu + O2 = 2Cu2O,1357.0,-138.072,m
Cu,4Cu + O2 = 2Cu2O,1509.0,-117.152,M
Cu,Cu2O + O2 = 2CuO,1509.0,16.071873015873013,m
Cu,Cu2O + O2 = 2CuO,1609.0,29.845303733602435,M
Cu,4Cu + O2 = 2Cu2O,2500.0,-39.748000000000005,
Dy,4/3Dy +O2 = 2/3Dy2O3,1680.0,-922.572,m
Dy,4/3Dy +O2 = 2/3Dy2O3,2681.0,-733.6051266666653,M
Dy,4/3Dy +O2 = 2/3Dy2O3,2840.0,-703.5894095238106,b
Er,4/3Er +O2 = 2/3Er2O3,1770.0,-925.0824,m
Er,4/3Er +O2 = 2/3Er2O3,2617.0,-764.5119949923322,M
Er,4/3Er +O2 = 2/3Er2O3,3141.0,-665.1744598990429,b
Eu,2Eu +O2 = 2EuO,1090.0,-1025.08,m
Eu,4/3Eu +O2 = 2/3Eu2O3,1090.0,-873.2008,m
Eu,2Eu +O2 = 2EuO,1090.0,-1025.08,m
Eu,2Eu +O2 = 2EuO,1800.0,-901.3487559633035,b
Eu,4/3Eu +O2 = 2/3Eu2O3,1800.0,-733.1174091743126,b
Eu,2Eu +O2 = 2EuO,1800.0,-901.3487559633035,b
Eu,4/3Eu +O2 = 2/3Eu2O3,2623.0,-570.7390561467902,M
Fe,3/2Fe + O2 = 1/2Fe3O4,840.0,-414.216,
Fe,6FeO + O2 = 2Fe3O4,1642.0,-214.06306158098405,m
Fe,2Fe + O2 = 2FeO,1642.0,-313.8,M
Fe,2Fe + O2 = 2FeO,1809.0,-300.8296,m
Fe,4Fe3O4 + O2 = 6Fe2O3,1853.0,12.133599999999916,
Fe,2Fe + O2 = 2FeO,2000.0,-284.09360000000004,
Ga,4/3Ga +O2 = 2/3Ga2O3,303.0,-661.072,m
Ga,4/3Ga +O2 = 2/3Ga2O3,2073.0,-267.776,M
Ga,4/3Ga +O2 = 2/3Ga2O3,2676.0,-209.20000000000002,b
Gd,4/3Gd +O2 = 2/3Gd2O3,1558.0,-919.2248,m
Gd,4/3Gd +O2 = 2/3Gd2O3,2693.0,-709.2151234916566,M
Gd,4/3Gd +O2 = 2/3Gd2O3,3523.0,-555.6397653401782,b
Ge,Ge + O2 = GeO2,1210.0,-305.432,m
Ge,2Ge + O2 = 2GeO(g),1210.0,-282.00160000000005,m
Ge,Ge + O2 = GeO2,1389.0,-267.776,M
Ge,2Ge + O2 = 2GeO(g),2000.0,-356.8952,
Ge,Ge + O2 = GeO2,2500.0,-79.49600000000001,
H,2H2 + O2 = 2H2O,3400.0,-112.5496,
Hf,Hf + O2 = HfO2,2495.0,-635.9680000000001,m
Hf,Hf + O2 = HfO2,3013.0,-481.16,M
Ho,4/3Ho +O2 = 2/3Ho2O3,1734.0,-923.8272000000001,m
Ho,4/3Ho +O2 = 2/3Ho2O3,2688.0,-744.9677148788944,M
Ho,4/3Ho +O2 = 2/3Ho2O3,2993.0,-687.785175086507,b
In,4/3In + O2 = 2/3In2O3,429.0,-531.368,m
In,4/3In + O2 = 2/3In2O3,2183.0,-172.79919999999998,M
In,4/3In + O2 = 2/3In2O3,2364.0,-138.072,b
Ir,2/3Ir + O2 = 2/3IrO3,1090.0,-0.00041840000000000003,
K,4K + O2 = 2K2O,336.0,-631.784,m
K,4K + O2 = 2K2O,980.0,-447.68800000000005,M
K,4K + O2 = 2K2O,1031.0,-435.136,b
K,4K + O2 = 2K2O,1325.0,-297.064,B
K,4K + O2 = 2K2O,2160.0,-0.004184,
La,4/3La + O2 = 2/3La2O3,1193.0,-860.6487999999999,m
Li,4Li + O2 = 2Li2O,453.0,-1079.472,m
Li,4Li + O2 = 2Li2O,1597.0,-723.832,b
Li,4Li + O2 = 2Li2O,2000.0,-535.552,M
Lu,4/3Lu + O2 = 2/3Lu2O3,1925.0,-881.9872,m
Mg,2Mg + O2 = 2MgO,923.0,-1004.1600000000001,m
Mg,2Mg + O2 = 2MgO,1376.0,-895.3760000000001,b
Mg,2Mg + O2 = 2MgO,3125.0,-217.568,M
Mn,2Mn2O3 + O2 = 4MnO2,1120.0,181.0993513513514,
Mn,2Mn + O2 = 2MnO,1517.0,-543.9200000000001,m
Mn,4MnO + O2 = 2Mn2O3,1517.0,-79.49600000000001,
Mn,2Mn + O2 = 2MnO,2054.0,-451.872,M
Mn,2Mn + O2 = 2MnO,2309.0,-414.216,b
Mn,2Mn + O2 = 2MnO,2500.0,-374.468,
Na,4Na + O2 = 2Na2O,371.0,-736.384,m
Na,4Na + O2 = 2Na2O,1156.0,-510.44800000000004,b
Na,4Na + O2 = 2Na2O,1193.0,-497.896,M
Na,4Na + O2 = 2Na2O,1600.0,-259.408,B
Na,4Na + O2 = 2Na2O,2250.0,-0.004184,
Nb,4NbO2 + O2 = 2Nb2O5,1764.0,-468.608,M
Nb,2Nb + O2 = 2NbO,2218.0,-451.872,M
Nb,2NbO + O2 = 2NbO2,3043.0,-330.536,m
Nb,2Nb + O2 = 2NbO,3043.0,-322.168,m
Nb,2NbO + O2 = 2NbO2,3188.0,-309.1976,M
Nd,4/3Nd +O2 = 2/3Nd2O3,1297.0,-957.7176000000001,m
Nd,4/3Nd +O2 = 2/3Nd2O3,2496.0,-731.8345048573618,M
Nd,4/3Nd +O2 = 2/3Nd2O3,3373.0,-566.6139256746322,b
Ni,2Ni + O2 = 2NiO,1725.0,-186.18800000000002,m
Ni,2Ni + O2 = 2NiO,2257.0,-102.50800000000001,M
Ni,2Ni + O2 = 2NiO,2500.0,-62.760000000000005,
Os,Os + O2 = OsO2,923.0,-96.232,
P,4/5P + O2 = 2/5P2O5,631.0,-397.48,M
P,4/5P + O2 = 2/5P2O5,704.0,-389.112,b
P,4/5P + O2 = 2/5P2O5,2500.0,175.728,
Pb,2Pb + O2 = 2PbO,762.0,-288.696,m
Pb,2Pb + O2 = 2PbO,1159.0,-217.568,M
Pb,2Pb + O2 = 2PbO,1745.0,-121.336,B
Pb,2Pb + O2 = 2PbO,2016.0,-146.44,b
Pb,2Pb + O2 = 2PbO,2500.0,-100.416,
Pr,4/3Pr +O2 = 2/3Pr2O3,1208.0,-987.8424,m
Pr,4/3Pr +O2 = 2/3Pr2O3,2456.0,-757.4508556291377,M
Pr,4/3Pr +O2 = 2/3Pr2O3,3563.0,-553.0891251655639,b
Pt,3/2Pt + O2 = 1/2Pt3O4,734.0,-0.004184,
Pu,4/3Pu + O2 = 2/3Pu2O3,913.0,-928.8480000000001,m
Pu,4/3Pu + O2 = 2/3Pu2O3,1880.0,-774.0400000000001,M
Pu,4/3Pu + O2 = 2/3Pu2O3,2500.0,-732.2,
Rb,4Rb + O2 = 2Rb2O,312.0,-577.392,m
Rb,4Rb + O2 = 2Rb2O,910.0,-401.664,M
Rb,4Rb + O2 = 2Rb2O,952.0,-397.48,b
Rh,4/3Rh + O2 = 2/3Rh2O3,1050.0,-0.004184,
S,S + O2 = SO2,3400.0,-117.152,
Sb,4/3Sb +O2 = 2/3Sb2O3,904.0,-309.616,m
Sb,4/3Sb +O2 = 2/3Sb2O3,928.0,-305.432,M
Sb,4/3Sb +O2 = 2/3Sb2O3,1698.0,-188.28,B
Sb,4/3Sb +O2 = 2/3Sb2O3,1908.0,-133.888,b
Sb,4/3Sb +O2 = 2/3Sb2O3,2380.0,-0.00041840000000000003,
Sc,4/3Sc + O2 = 2/3Sc2O3,1811.0,-920.48,m
Se,Se + O2 = SeO2,491.0,-138.072,m
Se,Se + O2 = SeO2,603.0,-117.152,M
Se,Se + O2 = SeO2,952.0,-112.968,b
Se,Se + O2 = SeO2,2250.0,-0.004184,
Si,Si + O2 = SiO2,1685.0,-610.0272000000001,m
Si,Si + O2 = SiO2,1696.0,-608.3536,M
Si,Si + O2 = SiO2,2500.0,-451.03520000000003,
Sm,4/3Sm +O2 = 2/3Sm2O3,1345.0,-950.1864,m
Sm,4/3Sm +O2 = 2/3Sm2O3,2076.0,-810.10919078067,b
Sm,4/3Sm +O2 = 2/3Sm2O3,2608.0,-708.1651753159841,M
Sn,Sn + O2 = SnO2,505.0,-476.976,m
Sn,Sn + O2 = SnO2,2140.0,-129.704,B
Sr,2Sr + O2 = 2SrO,1043.0,-974.8720000000001,m
Sr,2Sr + O2 = 2SrO,1640.0,-857.72,b
Sr,2Sr + O2 = 2SrO,2690.0,-485.344,M
Ta,4/5Ta + O2 = 2/5Ta2O5,2150.0,-443.504,M
Ta,4/5Ta + O2 = 2/5Ta2O5,3270.0,-280.32800000000003,m
Tb,1.17Tb +O2 = 1.17TbO1.709,1638.0,-802.4912,m
Tb,1.04Tb +O2 =1.04TbO1.917,1638.0,-747.6808,m
Tb,4/3Tb +O2 = 2/3Tb2O3,1638.0,-937.6344,m
Tb,4/3Tb +O2 = 2/3Tb2O3,2680.0,-747.3288126984127,M
Tb,1.17Tb +O2 = 1.17TbO1.709,3503.0,-452.8257885225889,b
Tb,1.04Tb +O2 =1.04TbO1.917,3503.0,-398.9681553113551,b
Tb,4/3Tb +O2 = 2/3Tb2O3,3503.0,-597.0202730158737,b
Te,Te + O2 = TeO2,723.0,-192.464,m
Te,Te + O2 = TeO2,1006.0,-138.072,M
Te,Te + O2 = TeO2,1267.0,-8.368,b
Te,Te + O2 = TeO2,1700.0,-0.004184,
Th,Th + O2 = ThO2,1968.0,-853.5360000000001,m
Th,Th + O2 = ThO2,3493.0,-569.024,M
Ti,2Ti + O2 = 2TiO,1940.0,-673.624,m
Ti,4TiO + O2 = 2Ti2O3,1940.0,-635.9680000000001,
Ti,6Ti2O3 + O2 = 4Ti3O5,1940.0,-451.872,
Ti,2Ti3O5 + O2 = 6TiO2,1940.0,-376.56,
Ti,2Ti + O2 = 2TiO,2033.0,-665.256,M
Ti,4TiO + O2 = 2Ti2O3,2033.0,-616.5721714285727,m
Ti,6Ti2O3 + O2 = 4Ti3O5,2033.0,-419.1190151260513,
Ti,2Ti3O5 + O2 = 6TiO2,2033.0,-347.786490613267,M
Ti,4TiO + O2 = 2Ti2O3,2128.0,-607.7507661058419,
Ti,6Ti2O3 + O2 = 4Ti3O5,2128.0,-385.6616649859943,M
Ti,2Ti3O5 + O2 = 6TiO2,2128.0,-318.3941960784311,m
Ti,4TiO + O2 = 2Ti2O3,2150.0,-605.707914346896,M
Ti,6Ti2O3 + O2 = 4Ti3O5,2150.0,-377.9136470588231,m
Ti,2Ti3O5 + O2 = 6TiO2,2150.0,-315.7887893738137,
Ti,2Ti3O5 + O2 = 6TiO2,2450.0,-280.26051612903257,
Ti,2Ti + O2 = 2TiO,2500.0,-596.22,
Ti,2Ti3O5 + O2 = 6TiO2,2500.0,-267.776,
Tl,4Tl + O2 = 2Tl2O,573.0,-217.568,M
Tl,Tl2O + O2 = Tl2O3,573.0,-55.69723396880405,m
Tl,4Tl + O2 = 2Tl2O,577.0,-213.38400000000001,m
Tl,Tl2O + O2 = Tl2O3,577.0,-56.484,
Tl,4Tl + O2 = 2Tl2O,773.0,-179.912,B
Tl,Tl2O + O2 = Tl2O3,773.0,-22.586508474576302,b
Tl,Tl2O + O2 = Tl2O3,990.0,27.49273758865247,M
Tl,Tl2O + O2 = Tl2O3,1200.0,78.1840786099293,
Tl,4Tl + O2 = 2Tl2O,1760.0,-125.52000000000001,b
Tl,Tl2O + O2 = Tl2O3,1760.0,62.760000000000005,
Tl,4Tl + O2 = 2Tl2O,2000.0,-0.004184,
Tm,4/3Tm +O2 = 2/3Tm2O3,1873.0,-904.1624,m
Tm,4/3Tm +O2 = 2/3Tm2O3,2223.0,-839.1127043246134,b
Tm,4/3Tm +O2 = 2/3Tm2O3,2614.0,-766.4429014415365,M
U,U + O2 = UO2,1405.0,-845.168,m
U,U + O2 = UO2,3151.0,-543.9200000000001,M
V,4VO2 + O2 = 2V2O5,943.0,-79.85962596259633,M
V,2V2O3 + O2 = 4VO2,1609.90829347658,-139.31355458277403,M
V,4VO2 + O2 = 2V2O5,1609.90829347658,-139.31355458277403,m
V,V2O3 + O2 = V2O5,1818.0,-135.04090386351893,M
V,2V + O2 = 2VO,2190.0,-487.43600000000004,m
V,4VO + O2 = 2V2O3,2190.0,-402.0824,
V,4VO + O2 = 2V2O3,2240.0,-421.01500000000004,m
V,2V + O2 = 2VO,2350.0,-433.04400000000004,M
V,2V + O2 = 2VO,2500.0,-397.48,
W,2/3W + O2 = 2/3WO3,1743.0,-280.32800000000003,M
W,2/3W + O2 = 2/3WO3,2100.0,-238.488,B
W,2/3W + O2 = 2/3WO3,2500.0,-217.568,
Y,4/3Y +O2 = 2/3Y2O3,1773.0,-927.1744,m
Y,4/3Y +O2 = 2/3Y2O3,2698.0,-750.3656022096733,M
Y,4/3Y +O2 = 2/3Y2O3,3609.0,-576.2328294669865,b
Yb,4/3Yb +O2 = 2/3Yb2O3,1097.0,-1001.2312000000001,m
Yb,4/3Yb +O2 = 2/3Yb2O3,1469.0,-931.992674566999,b
Zn,2Zn + O2 = 2ZnO,693.0,-560.6560000000001,m
Zn,2Zn + O2 = 2ZnO,1180.0,-456.05600000000004,b
Zn,2Zn + O2 = 2ZnO,2240.0,-37.656,M
Zn,2Zn + O2 = 2ZnO,2340.0,-0.004184,
Zr,Zr + O2 = ZrO2,2125.0,-694.544,m
Zr,Zr + O2 = ZrO2,2980.0,-543.9200000000001,M
