Element,Reaction,T_start,T_end,DeltaH (kJ/mol),DeltaS (kJ/mol·K)
Al,4/3Al +O2 = 2/3Al2O3,932.0,2345.0,-1120.2839145081382,-0.21438188251946202
Al,4/3Al +O2 = 2/3Al2O3,2345.0,2736.0,-1096.840415345268,-0.20438465473145767
Al,4Al + O2 = 2Al2O(g),933.0,2000.0,-448.5637884858297,0.10016351712832298
As,As +O2 = 1/2As2O4,585.0,730.0,-364.2965517241381,-0.05771034482758633
As,As +O2 = 1/2As2O4,730.0,886.0,-439.64184615384676,-0.16092307692307753
As,As +O2 = 1/2As2O4,886.0,2500.0,-423.3876183395292,-0.14257744733581162
B,4/3B +O2 = 2/3B2O3,723.0,2313.0,-830.7568830188677,-0.15657106918239
Ba,2Ba + O2 = BaO,983.0,1895.0,-1104.7273947368426,-0.17892105263157923
Ba,2Ba + O2 = BaO,1895.0,2191.0,-1408.537945945945,-0.339243243243243
Ba,2Ba + O2 = BaO,2191.0,2500.0,-1495.9357152103566,-0.3791326860841426
Be,2Be + O2 = BeO,1556.0,2843.0,-1150.0505858585855,-0.169050505050505
Bi,4Bi3O4+O2 = 6Bi2O3,1098.0,1400.0,56.08557665782499,0.08263994543387647
Ca,2Ca + O2 = CaO,1123.0,1756.0,-1279.3455797788315,-0.21151342812006332
Ca,2Ca + O2 = CaO,1756.0,2887.0,-1557.5393174182138,-0.3699381078691421
Cd,2Cd + O2 = CdO,594.0,1040.0,-524.2570762331834,-0.2063856502242151
Cd,2Cd + O2 = CdO,1040.0,1800.0,-733.2953271578949,-0.40738396842105273
Co,2Co + O2 = 2CoO,1768.0,2078.0,-519.6393032258065,-0.19570322580645172
Co,2Co + O2 = 2CoO,2078.0,2500.0,-422.0089478672987,-0.14872037914691946
Cr,4/3Cr +O2 = 2/3Cr2O3,2176.0,2495.0,-733.314858934169,-0.16394984326018808
Cr,4/3Cr +O2 = 2/3Cr2O3,2495.0,2603.0,-517.5762962962983,-0.07748148148148223
Cs,4Cs + O2 = 2Cs2O,302.0,763.0,-635.3780650759217,-0.37211279826464205
Cs,4Cs + O2 = 2Cs2O,763.0,915.0,-582.4843684210515,-0.3027894736842094
Cs,4Cs + O2 = 2Cs2O,915.0,955.0,-401.1410000000024,-0.10460000000000255
Cu,4Cu + O2 = 2Cu2O,1357.0,1509.0,-324.83805263157933,-0.13763157894736863
Cu,4Cu + O2 = 2Cu2O,1509.0,2500.0,-235.01540665993946,-0.07810696266397579
Cu,Cu2O + O2 = 2CuO,1509.0,1609.0,-191.76919651466346,-0.13773430717729393
Dy,4/3Dy +O2 = 2/3Dy2O3,1680.0,2681.0,-1239.7192000000018,-0.1887780952380965
Dy,4/3Dy +O2 = 2/3Dy2O3,2681.0,2840.0,-1239.7191999999552,-0.18877809523807912
Er,4/3Er +O2 = 2/3Er2O3,1770.0,2617.0,-1260.6309441128353,-0.1895754486513196
Er,4/3Er +O2 = 2/3Er2O3,2617.0,3141.0,-1260.6309441128258,-0.18957544865131576
Eu,2Eu +O2 = 2EuO,1090.0,1090.0,-512.5399999999997,0.4702201834862385
Eu,2Eu +O2 = 2EuO,1090.0,1800.0,-1215.0335999999975,-0.17426935779816355
Eu,2Eu +O2 = 2EuO,1800.0,1800.0,-450.6743779816515,0.2503746544342509
Eu,4/3Eu +O2 = 2/3Eu2O3,1090.0,1800.0,-1088.2583999999983,-0.19730055045871445
Eu,4/3Eu +O2 = 2/3Eu2O3,1800.0,2623.0,-1088.2583999999983,-0.19730055045871464
Fe,2Fe + O2 = 2FeO,1642.0,1809.0,-441.32932215568786,-0.07766706586826308
Fe,2Fe + O2 = 2FeO,1809.0,2000.0,-459.3396732984281,-0.08762303664921405
Ga,4/3Ga +O2 = 2/3Ga2O3,303.0,2073.0,-728.398942372881,-0.22220112994350288
Ga,4/3Ga +O2 = 2/3Ga2O3,2073.0,2676.0,-469.1492139303481,-0.09714096185737967
Gd,4/3Gd +O2 = 2/3Gd2O3,1558.0,2693.0,-1207.502399999999,-0.1850305519897298
Gd,4/3Gd +O2 = 2/3Gd2O3,2693.0,3523.0,-1207.5024000000067,-0.1850305519897328
Ge,2Ge + O2 = 2GeO(g),1210.0,2000.0,-167.29114936708928,0.09480202531645539
Ge,Ge + O2 = GeO2,1210.0,1389.0,-559.9781452513961,-0.21036871508379856
Ge,Ge + O2 = GeO2,1389.0,2500.0,-503.16836723672435,-0.16946894689468966
Hf,Hf + O2 = HfO2,2495.0,3013.0,-1381.6165714285728,-0.29885714285714327
Ho,4/3Ho +O2 = 2/3Ho2O3,1734.0,2688.0,-1248.9239999999984,-0.1874837370242201
Ho,4/3Ho +O2 = 2/3Ho2O3,2688.0,2993.0,-1248.9239999999988,-0.1874837370242206
In,4/3In + O2 = 2/3In2O3,429.0,2183.0,-619.0681226909921,-0.2044291904218928
In,4/3In + O2 = 2/3In2O3,2183.0,2364.0,-591.6360928176813,-0.19186298342541505
K,4K + O2 = 2K2O,336.0,980.0,-727.8340869565219,-0.28586335403726715
K,4K + O2 = 2K2O,980.0,1031.0,-688.8832941176468,-0.24611764705882316
K,4K + O2 = 2K2O,1031.0,1325.0,-919.3272653061225,-0.4696326530612248
K,4K + O2 = 2K2O,1325.0,2160.0,-768.4463427544913,-0.3557602586826348
Li,4Li + O2 = 2Li2O,453.0,1597.0,-1220.2979790209788,-0.31087412587412605
Li,4Li + O2 = 2Li2O,1597.0,2000.0,-1469.9440595533497,-0.4671960297766751
Mg,2Mg + O2 = 2MgO,923.0,1376.0,-1225.8104017660035,-0.24014128035319998
Mg,2Mg + O2 = 2MgO,1376.0,3125.0,-1428.6314648370483,-0.3875403087478556
Mn,2Mn + O2 = 2MnO,1517.0,2054.0,-803.9513147113593,-0.17141154562383615
Mn,2Mn + O2 = 2MnO,2054.0,2309.0,-755.1873882352936,-0.1476705882352939
Mn,2Mn + O2 = 2MnO,2309.0,2500.0,-894.7297801047094,-0.2081047120418838
Na,4Na + O2 = 2Na2O,371.0,1156.0,-843.1639439490449,-0.2878165605095545
Na,4Na + O2 = 2Na2O,1156.0,1193.0,-902.6131891891915,-0.3392432432432453
Na,4Na + O2 = 2Na2O,1193.0,1600.0,-1196.9529631449616,-0.5859656019656011
Na,4Na + O2 = 2Na2O,1600.0,2250.0,-897.9404701538463,-0.3990827938461539
Nb,2Nb + O2 = 2NbO,2218.0,3043.0,-800.5792387878789,-0.1572169696969698
Nb,2NbO + O2 = 2NbO2,3043.0,3188.0,-778.3480772413784,-0.1471613793103446
Nd,4/3Nd +O2 = 2/3Nd2O3,1297.0,2496.0,-1202.063200000001,-0.18839290670778824
Nd,4/3Nd +O2 = 2/3Nd2O3,2496.0,3373.0,-1202.0631999999987,-0.1883929067077873
Ni,2Ni + O2 = 2NiO,1725.0,2257.0,-457.5188270676695,-0.15729323308270693
Ni,2Ni + O2 = 2NiO,2257.0,2500.0,-471.6900411522619,-0.16357201646090475
P,4/5P + O2 = 2/5P2O5,631.0,704.0,-469.81161643835554,-0.11463013698630066
P,4/5P + O2 = 2/5P2O5,704.0,2500.0,-610.5192160356349,-0.314498886414254
Pb,2Pb + O2 = 2PbO,762.0,1159.0,-425.2187607052897,-0.17916372795969776
Pb,2Pb + O2 = 2PbO,1159.0,1745.0,-407.89716040955597,-0.16421843003412953
Pb,2Pb + O2 = 2PbO,1745.0,2016.0,40.31152767527684,0.09263468634686353
Pb,2Pb + O2 = 2PbO,2016.0,2500.0,-338.14327272727286,-0.09509090909090913
Pr,4/3Pr +O2 = 2/3Pr2O3,1208.0,2456.0,-1210.8496000000011,-0.1846086092715245
Pr,4/3Pr +O2 = 2/3Pr2O3,2456.0,3563.0,-1210.8495999999936,-0.18460860927152106
Pu,4/3Pu + O2 = 2/3Pu2O3,913.0,1880.0,-1075.0110858324713,-0.1600910031023784
Pu,4/3Pu + O2 = 2/3Pu2O3,1880.0,2500.0,-900.9096774193551,-0.067483870967742
Rb,4Rb + O2 = 2Rb2O,312.0,910.0,-669.0761739130437,-0.2938595317725756
Rb,4Rb + O2 = 2Rb2O,910.0,952.0,-492.3173333333339,-0.09961904761904836
Sb,4/3Sb +O2 = 2/3Sb2O3,904.0,928.0,-467.2133333333277,-0.17433333333332723
Sb,4/3Sb +O2 = 2/3Sb2O3,928.0,1698.0,-446.62298181818153,-0.15214545454545442
Sb,4/3Sb +O2 = 2/3Sb2O3,1698.0,1908.0,-628.0781714285705,-0.25900952380952347
Sb,4/3Sb +O2 = 2/3Sb2O3,1908.0,2380.0,-675.11152901017,-0.2836601305084748
Se,Se + O2 = SeO2,491.0,603.0,-229.78378571428598,-0.18678571428571472
Se,Se + O2 = SeO2,603.0,952.0,-124.38108882521497,-0.011988538681948503
Se,Se + O2 = SeO2,952.0,2250.0,-195.8197356178736,-0.08702913405238824
Si,Si + O2 = SiO2,1685.0,1696.0,-866.3922909091007,-0.15214545454546016
Si,Si + O2 = SiO2,1696.0,2500.0,-940.2093293532334,-0.19566965174129355
Sm,4/3Sm +O2 = 2/3Sm2O3,1345.0,2076.0,-1207.9208,-0.19162408921933038
Sm,4/3Sm +O2 = 2/3Sm2O3,2076.0,2608.0,-1207.9208000000096,-0.19162408921933474
Sn,Sn + O2 = SnO2,505.0,2140.0,-584.2373822629969,-0.21239877675840974
Sr,2Sr + O2 = 2SrO,1043.0,1640.0,-1179.5445896147398,-0.19623450586264632
Sr,2Sr + O2 = 2SrO,1640.0,2690.0,-1439.3358476190472,-0.3546438095238095
Ta,4/5Ta + O2 = 2/5Ta2O5,2150.0,3270.0,-756.7436428571427,-0.1456928571428571
Tb,1.04Tb +O2 =1.04TbO1.917,1638.0,3503.0,-1053.9495999999997,-0.1869772893772895
Tb,1.17Tb +O2 = 1.17TbO1.709,1638.0,3503.0,-1109.5968,-0.18748815628815615
Tb,4/3Tb +O2 = 2/3Tb2O3,1638.0,2680.0,-1236.7903999999992,-0.18263492063492032
Tb,4/3Tb +O2 = 2/3Tb2O3,2680.0,3503.0,-1236.7903999999987,-0.18263492063491993
Te,Te + O2 = TeO2,723.0,1006.0,-331.423067137809,-0.192197879858657
Te,Te + O2 = TeO2,1006.0,1267.0,-638.0038927203063,-0.49695019157088133
Te,Te + O2 = TeO2,1267.0,1700.0,-32.84133688683601,-0.01931597228637413
Th,Th + O2 = ThO2,1968.0,3493.0,-1220.6964039344264,-0.1865652459016394
Ti,2Ti + O2 = 2TiO,1940.0,2033.0,-848.182279569894,-0.08997849462365681
Ti,2Ti + O2 = 2TiO,2033.0,2500.0,-965.7917344753741,-0.14782869379014962
Ti,2Ti3O5 + O2 = 6TiO2,1940.0,2033.0,-976.7815936587334,-0.30939257405089343
Ti,2Ti3O5 + O2 = 6TiO2,2033.0,2128.0,-976.7815936587587,-0.30939257405090587
Ti,2Ti3O5 + O2 = 6TiO2,2128.0,2150.0,-570.4080809614259,-0.11842757748261029
Ti,2Ti3O5 + O2 = 6TiO2,2150.0,2450.0,-570.4080809614112,-0.11842757748260348
Ti,2Ti3O5 + O2 = 6TiO2,2450.0,2500.0,-892.0018064516253,-0.2496903225806502
Ti,4TiO + O2 = 2Ti2O3,1940.0,2033.0,-1040.569155145903,-0.2085572964669605
Ti,4TiO + O2 = 2Ti2O3,2033.0,2128.0,-805.3502453350126,-0.09285689813400869
Ti,4TiO + O2 = 2Ti2O3,2128.0,2150.0,-805.3502453347801,-0.09285689813389952
Ti,6Ti2O3 + O2 = 4Ti3O5,1940.0,2033.0,-1135.1063081232307,-0.3521826330532118
Ti,6Ti2O3 + O2 = 4Ti3O5,2033.0,2128.0,-1135.1063081232755,-0.3521826330532336
Ti,6Ti2O3 + O2 = 4Ti3O5,2128.0,2150.0,-1135.1063081233053,-0.3521826330532476
Tl,4Tl + O2 = 2Tl2O,573.0,577.0,-816.9259999999581,-1.0459999999999277
Tl,4Tl + O2 = 2Tl2O,577.0,773.0,-311.92146938775534,-0.17077551020408205
Tl,4Tl + O2 = 2Tl2O,773.0,1760.0,-222.51080040526844,-0.05510840932117532
Tl,4Tl + O2 = 2Tl2O,1760.0,2000.0,-1045.9693173333394,-0.5229825666666696
Tl,Tl2O + O2 = Tl2O3,573.0,577.0,57.00700000001029,0.196691507798978
Tl,Tl2O + O2 = Tl2O3,577.0,773.0,-156.27406433759947,-0.1729463853337945
Tl,Tl2O + O2 = Tl2O3,773.0,990.0,-200.97939882884268,-0.2307799357752477
Tl,Tl2O + O2 = Tl2O3,990.0,1200.0,-211.48072722593858,-0.24138733819655658
Tl,Tl2O + O2 = Tl2O3,1200.0,1760.0,111.23567563120643,0.027542997517730924
Tm,4/3Tm +O2 = 2/3Tm2O3,1873.0,2223.0,-1252.2711999999956,-0.18585627335824678
Tm,4/3Tm +O2 = 2/3Tm2O3,2223.0,2614.0,-1252.2712000000101,-0.18585627335825314
U,U + O2 = UO2,1405.0,3151.0,-1087.581195876289,-0.17253608247422694
V,2V + O2 = 2VO,2190.0,2350.0,-1231.9265000000003,-0.3399500000000001
V,2V + O2 = 2VO,2350.0,2500.0,-990.2133333333339,-0.23709333333333352
V,4VO + O2 = 2V2O3,2190.0,2240.0,427.16547999998204,0.37865199999999194
V,4VO2 + O2 = 2V2O5,943.0,1609.90829347658,4.207486768243259,0.08914858189908763
W,2/3W + O2 = 2/3WO3,1743.0,2100.0,-484.60564705882217,-0.11719887955182016
W,2/3W + O2 = 2/3WO3,2100.0,2500.0,-348.31799999999964,-0.05229999999999987
Y,4/3Y +O2 = 2/3Y2O3,1773.0,2698.0,-1266.073857818648,-0.19114464625981273
Y,4/3Y +O2 = 2/3Y2O3,2698.0,3609.0,-1266.0738578186397,-0.19114464625980976
Yb,4/3Yb +O2 = 2/3Yb2O3,1097.0,1469.0,-1205.410400000006,-0.1861250683682824
Zn,2Zn + O2 = 2ZnO,693.0,1180.0,-709.5015852156058,-0.21478439425051343
Zn,2Zn + O2 = 2ZnO,1180.0,2240.0,-921.8220377358488,-0.3947169811320755
Zn,2Zn + O2 = 2ZnO,2240.0,2340.0,-881.0566784000036,-0.3765181600000016
Zr,Zr + O2 = ZrO2,2125.0,2980.0,-1068.9018947368418,-0.17616842105263145
